q_BSC,c_BSC,q_Nusinersen,c_Nusinersen,q_OA,c_OA,q_Risdiplam,c_Risdiplam
0.7772933570373953,1890956.594269703,1.7881315938123623,4390121.334364102,7.710774419719398,4978349.748267485,6.742288765303498,7978687.120242621
0.8028805392187544,1776153.9433721427,3.1168016607690188,5372563.222554023,8.668297999810948,4951443.604758337,7.636607835621864,7757395.822138929
0.730822355070358,1369370.691147923,2.9190372314067905,5048046.097494471,7.858587358914938,4356719.48874927,7.5443468574994785,6897990.641666895
0.976235660182705,2101483.112097364,2.417069510158749,4767197.278291866,6.990718169830499,4924392.721906286,6.296257711371457,7878996.489220564
0.869892426538191,2422996.3357978244,1.6224502671729115,4323791.559701051,7.148263657934178,4952609.084149062,5.943649738587456,7962154.681315811
0.6145906963189393,2045938.9057761293,2.333215600442196,5968356.108834665,6.860788192715869,5776845.692916993,6.1629660196002005,8951471.423799163
0.7793842176010983,2376177.8578551486,1.8125161987793652,4861182.305013397,8.592505504816053,5369685.739810112,6.865282717136459,7200882.272079129
0.6617926143022121,1023134.7655768594,2.2304492217688727,3642184.111931408,7.9405754860358195,4264390.601874348,8.967677381250919,7082688.386844751
0.6104143395744216,1724308.5247811212,1.3303652315022714,4450725.380766822,3.8910107341713953,4536119.573249463,3.815028495154801,7154392.8648381485
0.6190674662766751,886980.2461919977,2.4256347241866756,4941588.716605319,6.038893331928997,4655177.467797782,6.096524736073069,7383660.027385133
0.7132182787145369,1956703.887873167,2.941525643101288,5562206.640613043,7.831586419426355,5098539.493708659,8.252873988075827,8263674.833235202
0.8082305450719485,2429894.3320300635,2.0693335812443228,4651031.792272606,9.257286843342264,4976859.4923797,6.501253340138874,6636919.9691874385
0.490187538131285,1101355.0576168606,2.519816873023572,4462287.711370343,8.601989763789952,4800407.080785978,7.10265398661098,7121933.92985993
0.44674362469471673,964998.0439573138,3.5150447081409597,6151513.726450675,5.829487270092503,4213486.159393071,6.325820240671204,6843560.79104533
0.5195184794096036,1120159.100312492,1.502684920730831,3725534.099313323,5.443116308753963,4577813.515944216,4.684541472393011,5935814.168945094
0.6395621848445421,1975935.3356388633,3.107228040378745,5761813.390631245,7.786974723144482,5189820.574986874,7.391518362256495,7705187.00010878
0.7190021323664496,1715053.3061684822,2.164332609278712,4652454.219857606,9.057450114855708,5236764.196349571,8.395656556141128,8543444.541565957
0.504250429436645,1169733.3138152584,1.5081973162931943,3559150.2305972,8.065214874344878,4948638.338742662,6.835518774022761,8144515.59167004
0.6065095343141438,2023554.5427018711,1.798167635299458,5083224.410002399,7.080260631567833,5654296.70602564,6.768322341143932,8192027.126188437
0.6257936917908289,1642987.469309407,2.0530697134036138,4687808.709442015,5.703348328129669,4209964.48920834,6.947722502869855,7322559.851482593
0.5059516037215792,1504521.069318995,1.3512283665980531,3836063.563808053,6.270753771322522,4754511.464656762,5.2566617229769,8041048.941057157
0.5812742606460001,1582446.368862636,2.922044117474812,5969255.190852804,7.1364437145021595,5125640.951319873,7.039140646640286,8718318.461035993
0.5974675409428989,1701038.7556652757,2.470195244697896,4766966.705747003,8.801303393408721,4891434.0440173745,6.8114262169303785,7407971.701623688
0.9395526287457544,2098955.0746183777,2.7908670754727654,5419670.915402275,4.907112732081415,4357313.909196152,6.142970949583526,7139799.307231847
1.0510823590601102,2191860.580881831,2.795128147573061,4896953.790562106,7.437909723727541,4348297.733519387,6.903912751590784,7013183.146794594
0.5738106356921886,1842432.0601397858,2.2606865871213677,4926725.323117821,8.566810637321055,5234732.063784573,8.142379125747972,8391639.214247834
1.0116176337663745,2058377.7399695516,2.266426977474728,4864714.599566139,7.543379721079564,4974101.272414796,6.455310355742471,7814978.994762452
0.7314598641215369,1851016.2732559608,2.1487359977645477,5648441.461668472,5.451081386291653,4921705.005435536,5.491935603652191,8571307.729241056
0.6495504792230001,1549795.5421901657,1.365193065884017,3727862.2686132584,5.7280969604380445,4525044.275312505,5.022911076196072,7110507.346852502
0.5616095336374846,1467565.347330315,2.358091892101948,5054784.5413273815,7.411853603413091,4938361.564544346,8.020634584058286,8685595.491491303
0.4658066501673033,953043.238837071,2.3625871613396248,4764032.040353073,6.86263622804998,4329612.779655067,5.704617643032184,7640622.335982795
0.42239558469217525,1332727.2445628815,2.15979758044825,4424842.949606072,6.1201674167134,4786471.791888257,8.607751744512463,8436396.67358899
0.5991662082693721,1757214.367593336,2.0633885086444903,4819180.466003805,7.0226569360377455,4951701.072780833,4.194587933732412,5460108.443533676
0.7153259636372062,2143897.665593795,3.1848582002909,6351102.83963253,7.525086241550816,5256975.589989745,6.096107695681958,6847337.669844613
0.5970727459295507,1359500.1367863866,2.1912948515300164,4614046.823565474,7.386353452706997,4571012.4643537635,7.1977304272420355,7797849.426565339
0.8460846649159167,2211465.712030122,1.5573948025046687,4178902.881975904,9.320557774358607,4829091.834308162,6.940758190651912,6673444.660178733
0.6754493296725343,1914136.599126556,1.4174176939629546,4225348.540443114,5.851423222776132,4984242.957800097,5.120265456773359,7802408.994342915
0.3811666026312648,765508.8996199273,2.4656768230185353,5271985.792671114,6.223188687113018,4455066.518322167,5.375558734867892,6888059.326077386
0.6872289226609194,1312416.119437988,1.8609878987684114,3916466.98495639,7.62441870862213,4967819.501617117,6.171421635859869,7593901.80878609
0.6650390869100057,1841760.5577604307,1.445953811100387,4128502.2486354136,6.68326169716949,4781927.525836643,6.540232029722651,8382057.427825506
0.5709436392771663,913735.5274558169,2.206839907603747,4215878.693309033,4.868520827335213,4113175.3958564433,5.818185962251455,7161670.729707483
0.6501781511603117,1926579.4941370478,2.204474642381257,5031601.4874692485,7.505364270017018,5344456.60597095,6.596303258866168,8032286.987468981
0.7795379541945135,1214726.1800695595,1.595923848537258,3677305.000477846,6.299431397411188,4358212.020953043,4.793129215343991,6291741.65894696
0.6955466521521488,1561406.0485992497,1.3768050358026198,3241418.9668181892,7.108002922852338,4585918.371930041,7.070241477541824,7865129.4857842075
0.9372846869777354,1258989.3610116104,2.0134112024944084,3720901.700060362,7.7789174808408275,5014822.953197498,6.7252214284574885,8200407.984630182
0.6689462358823772,1631691.3280157181,2.631578802009858,5588579.33456901,7.420376761991668,5264588.205331055,5.713100337375268,7002343.17057702
0.5467101365822452,1163641.0534741713,1.5567266501204668,3917359.4392564204,6.422153263979961,4911493.685840337,5.153862553330896,6910397.209487612
0.6405712684642126,795709.5183600555,2.277067060450049,3780532.8159606913,8.242571464773496,4305120.929443266,7.157717423922053,6643084.50262954
0.687698090653672,1786586.4013523585,3.4624684037243143,6695345.397244212,7.984123799958407,5041156.325723197,6.043518756443078,7052308.19085612
0.7316967365469192,1716496.2422037914,2.689163291604767,5620637.486567247,9.195181472640913,5422658.252384206,6.157840748770791,7019562.27036222
0.6733699466644144,1702105.751736856,2.5174833858252326,4948452.315471454,6.365605866785628,4495865.898675713,7.324755449333825,7934691.006575818
0.9643006167595656,2238213.7984450464,1.9986382515131649,4484050.862573664,6.44774214904612,4779259.009151537,6.357058131315439,8363724.012989853
0.5788492185748259,1368360.5331267642,1.9089752036701972,4468419.348095344,7.136976118512911,4916314.672439327,6.011592424893462,7717404.747275065
0.5251449953823522,1241458.7971184326,2.1236172855191446,4695965.482518832,7.4145242513117005,4737836.71931039,6.6126963835245185,8530310.76680765
0.7928453396090431,2201528.529566132,2.4742933197215056,4931762.953394941,8.32655406230141,4892518.029853646,7.413998676191111,7771257.704067326
0.6346366130210614,1762161.743652642,1.2447807829603768,3546868.4586723964,7.480819012992098,4730194.593847341,7.27239960730277,8372569.442507489
0.6814569484923494,1600551.0372026332,2.13704018270849,4372333.463357717,7.834312627916303,4633890.174981868,7.562513105695923,8583394.009634785
0.6371925266113307,1520351.4137111944,1.9446889683469546,4258794.797836521,7.784406575294025,4504197.980562937,7.033284420186757,7611355.607736609
0.7537555049714048,2440076.0550547075,1.5492077945334484,4480783.3495564265,7.7735266949607364,5680605.218755024,5.844222275336033,7564171.731910374
0.3967867565017458,831009.9154717033,1.6700807007589331,4151633.4105895436,5.879834676641943,4671613.781861863,4.978275907928558,6961603.530033664
0.7444203472762834,1866591.9167151658,1.7746208836381758,4108557.019677354,7.896642471859301,4706112.241343223,6.140417588149676,7014446.638651031
0.7669939899088778,2466726.3543787934,3.105007629797073,6593969.880408255,7.5286101168627635,5012053.26770093,6.939059356339055,8501820.776669897
0.5577110265138079,1322184.969772187,1.9887617379911697,4110691.452535459,8.505423178420337,4805113.936166323,6.459634560446034,6779121.496525124
0.3598173816578536,747191.0610304006,1.7746462340378595,3897491.5151266176,6.7583740332770725,5040009.681424274,6.58425863697362,7339296.996354657
0.5438335968977387,1135285.3866204205,3.9235691673499846,5400828.603701439,9.686105393669619,4673048.410596007,8.427045396246106,7099710.914972676
0.529231674429218,1173376.9803083907,2.608701232184936,4884533.085334833,7.772929310634996,4860385.873204928,5.980575213483451,6584970.952554154
0.783991108614202,2020962.3553828187,2.960989405182414,5845552.190488864,6.211857524915006,5022514.202040234,6.32992188606533,7387875.243853874
0.7100409239873162,1950742.6209722024,1.9202162074408224,4608666.775198609,6.536862260463368,5028802.692824199,5.163967761535008,6811305.476342735
0.46909909721530674,1792664.2365183837,1.5982679944295541,4163031.521977831,8.789382876585158,5271001.722763464,7.249734416276821,8170092.572192227
0.6580900063913747,1832660.42868655,1.9275232691012185,4372697.440866167,8.12508070856627,4565743.363556001,8.45600281200111,8489353.821953624
0.5721710336298153,966677.8840735448,1.2711537926807288,2796342.479018093,6.136450425474163,4525670.474986207,6.431366634585281,7187119.15889004
0.49983671818932496,1531266.6733898337,2.2876207962184694,5022645.159541126,8.038176295631253,5169838.245094562,6.699140541254272,7621940.507272346
0.6169608059276809,1896702.7552754777,1.6517741799485417,4862630.486800195,5.624907602234945,5108100.047519235,5.515815676480365,7682668.508997146
0.7226295783046394,2083330.1363863526,2.710312122156414,5451686.518191762,7.324515039652541,4967633.718804905,7.229382723381459,7564124.632756336
1.067674026000737,2230307.4683472035,3.792951894140125,7098864.3564151265,7.075342112348263,4798457.6297815405,6.108198739899305,7155246.468698775
0.48158836576082364,1221091.906122585,2.546484651373342,5236625.377127158,7.375657381825011,5344089.921358497,7.32879768109443,8563488.325836875
0.7201638719685658,1673346.2264088735,2.333165787549677,5442022.18541764,7.333380234988272,4963774.534152015,6.382442040205576,7723336.925497519
0.8203075385145859,1923957.9298846845,2.3503905208290137,4532407.329636593,8.438557909364812,5054751.217970692,7.219949183821708,6937032.31514863
1.027605280784761,2080794.1003163394,2.013004671213773,4096763.910209736,9.688046924225327,4579342.783170987,8.343116533802299,7802290.613640581
0.6053779568744534,1578650.650846543,2.506620974369783,5323407.636885029,4.5663587753428025,3709610.7959602512,5.4211096237559975,6634378.056336647
0.7747173369890235,1806730.503740355,1.9446511571374065,4506120.544235568,7.262282900355795,4813362.371121202,5.230045793250259,6854680.407674673
0.5299416110755697,1308771.5164029056,3.3078267132584704,5433911.262586289,3.3573043734160124,3708925.3101062994,8.985252658371284,8511758.939967878
0.5629448785826612,1616712.9577405257,2.2308028501816346,5216504.068848785,5.391508747556301,4972287.905390774,6.128536967965989,7456018.226683341
0.6546331605667344,1705375.7565370034,1.9052039223146922,4462170.091788196,7.5194011468836806,4346969.454826078,6.9456383063214755,8255702.830574696
0.7152414758281878,1453698.4994760088,2.809058784582442,5772673.827255072,6.684763283036108,4790986.865010729,4.8759013012649515,6552066.386338442
0.5277654298907275,1334143.8009767614,2.6128039703653254,5285225.011940351,8.163524358511498,4528977.0754048675,6.752330032664603,7875599.075629694
0.45820403146458827,1058527.889131909,2.4155637889528436,4799450.432490865,8.721760951702159,4246458.986474257,7.459293942868484,7099305.021266001
0.8201508272628196,1434700.7316732286,1.9640127737091246,4090011.8450897504,7.295330119998649,4739382.896799695,5.984874670413677,7469442.785963706
0.8076034059456548,2639687.349105379,2.4596839423804173,5962278.016104099,5.962166495133842,4068471.52521409,6.9699917078643985,8423449.079014368
0.5948988900321582,1677900.9163305827,2.2700721140268616,5359106.817230818,7.490702293818483,4239611.1798419105,6.797767639513868,7953105.238005479
1.1495250268007076,3265286.1564856586,1.5644972995427626,4149912.7934028325,7.874134921151573,4568306.476009345,6.62912349142697,7987249.61900604
0.6447445751346437,1655743.2699198723,2.641102270896296,5679334.220910958,5.880363418620526,4721199.980740714,5.983823038066328,7142734.005011158
0.6708928732812822,1686271.176675829,2.401471272263258,4879814.0556353,8.982937819209216,4789954.139006907,8.057891581836857,8415936.892414927
0.7763141199124645,1805318.910813358,1.8335985247481927,4257996.1479280805,6.416689527243886,4480362.793236596,5.880744495014749,6970561.179149693
0.4166326806194704,1002004.9062930313,2.0929498933677055,4617834.977298273,7.1823143322138145,4706075.290789118,6.3875716461869105,7984357.192232521
0.6106951570030955,1366019.8406622778,2.017697393085534,4029821.57649379,9.501346312908243,4935898.12981388,7.456087995267282,7174346.091732318
0.4277454718555973,1483315.0794244832,3.1288847815807856,5978201.851040001,8.513189997460985,5364532.651882014,7.090387796257682,7740547.671653341
0.6339684849012509,1461290.0603880947,1.6087493992366373,3946237.999552677,5.936172705465321,4679939.631901983,5.829166412394031,8075808.861837085
0.635697444358915,1438711.7143709713,2.3872961036975306,4743469.424481345,7.627939435250656,5277281.23499542,7.135229362523306,7620689.386944943
0.6212893987316725,1542580.6191207329,3.1616731334229624,5725791.460976457,7.990880567697311,4872607.003402711,6.99739673426065,7553524.271785961
0.7278309820355315,1243638.3485808792,3.25529691384779,5136585.616918232,5.322520750107811,4331792.79902735,8.165658277741462,7892397.734364443
0.3469965643026548,1125878.1522214755,1.7433136103146032,4607595.418275408,7.650168182710832,5008033.24218213,6.312436106193245,7443240.787337154
0.7371382659297105,2044423.3536703002,2.348357486371676,5288852.199735927,8.100057776533239,4809735.423520609,6.747071989758293,7135034.513038957
0.5035655081972948,1272884.1895070104,1.9641575537369294,4189295.0643054554,8.10281653217787,4871774.970827714,7.734212468195723,7941522.947968794
0.5384402233437141,1722324.1589226956,1.4113578004846843,4110279.0921343886,5.428841764370258,4813320.600071282,6.520185394714828,8256381.895528846
0.6105630058503239,1486312.8530493753,1.7261109372187995,4402159.519462089,7.8296638565548955,4677607.95637372,6.63111648588818,7469315.724768274
0.6754950165747695,1780889.520734693,2.0332988434514236,4705617.698356563,7.712980803599669,4993551.2425822085,6.3393414639598324,7085130.063519712
0.6446856336009102,1886487.01178112,2.6564400614101427,5763897.0691938205,7.543613678082674,5209397.521759712,7.164627164320684,8359890.951492194
0.6319818387563315,1501461.7201353514,2.5623062943326675,4906054.995549151,6.988929297716304,5208765.318739989,7.8800426552427,8279949.25910343
0.6348010203833441,1538419.666343169,2.1071587862181507,4903541.322769675,7.094340667126968,4828400.807531587,6.467352050581724,8277457.27338222
0.5345046653341433,1443800.8694257673,2.4366839142513848,5258378.4734316245,7.965278558795954,5198895.027652391,7.211546495625466,8095699.0220124535
0.9165975807577301,1397485.9720954518,2.312402898549888,4145886.208525901,6.981013560484187,4534486.865064855,6.438279684263704,6608366.666663988
0.7933129589489594,1804653.9164740348,1.4182668770249613,4282536.239155134,3.7480003303928786,4943003.0804848885,4.186473874280615,7906384.897075097
0.5380108054395352,1413382.1875998215,2.656109960023831,4843932.578502634,7.751116417103993,5102690.734141018,8.911659996900728,8395475.95354422
0.6276282777454104,1826290.8448260606,2.4527112883829956,5430957.756427826,7.247950443152736,5522732.764104118,6.012217158145497,7575806.654772948
0.6351407759359016,1167776.209769976,2.147211258012428,4096263.3800550443,5.39666478822858,4519929.179515391,7.236998944384562,8383359.594999871
0.8504842386887559,2550784.8678698144,1.2939671358603573,4312604.273343343,5.5522204344439645,5060195.615918208,4.565224846589359,8435441.586749287
0.6361406347836344,1786525.7743214874,2.2447097471244426,5431594.052421423,8.162769270058966,4993031.402186921,5.531124644775659,6679518.0496061
1.1197402828371814,1868718.8360837805,2.6045836937655507,4528563.491411939,7.452533576757157,4593318.3589008525,9.336903796705204,8083372.822323564
0.7002163240474562,1574765.7672710142,1.8408705667132692,3991259.4513805155,6.3472544500142165,5100077.073470361,6.556964400095256,7185140.094453293
0.7892483433239815,1163843.0412342872,2.6368477356870397,3999428.8334322944,9.685857338303604,4660318.594607431,7.6408130949678394,6794141.580248417
0.45961584257960947,1162813.8686178657,2.515949183654029,5243591.024930745,8.04533176300724,5146286.25715554,6.5540215235101735,8017031.752962159
1.1824056853278881,2535101.9205701286,2.445885644710875,5330576.971765445,7.4707867964861885,4609300.328788187,5.841617724098467,7584035.458490398
0.6386804296794237,1278585.452480758,1.747471119369387,3700230.935634959,7.664259713188899,4687394.160578752,6.934001164679462,7830225.045836053
0.8047789646111152,2752512.234482195,2.5337534213434543,5514384.033518007,6.844722030123868,4824647.667247149,7.699555809002913,8188284.243749061
0.8788754905121237,2600688.0774972965,2.2287189987134264,5700709.271934088,6.465462313161236,5007663.929039593,5.541093905941036,7849017.923487363
0.8940728300759131,1915386.0761491375,2.256269199686249,5586556.282219695,6.089685105095866,4967788.000861702,5.211492022305287,8176853.686934365
0.958910718640839,1938098.7338740502,3.565762254557214,6531243.866630761,9.640548025219848,5247536.946401004,6.6126777297986425,7045802.995644106
0.6911069451053583,1597075.6911540907,2.419222529992729,4995482.437582758,7.433994926820109,5601797.488446702,6.239099684942488,6663853.271069362
0.6691022270331551,1602836.8642939501,1.7690061783304007,4101862.3906930164,6.8910369647491025,4539116.438758255,6.459467658571763,6939732.153821437
0.7817334874985463,1685085.1297495863,2.283251517257206,4826009.9342835415,5.796315798081547,5071651.453049309,6.428177260932188,8399011.67279385
0.6840415810432736,2100376.616312211,2.1208170918363627,5231188.717315193,7.006907904896366,4850210.403730704,5.1044374414795275,7110292.126228978
0.8339472094349119,1717996.3653083262,2.390541972242234,5089721.3287184695,6.732439318340322,4738246.995297976,6.69379510594717,7634268.939802855
0.6526953587766502,1399022.1782461815,2.8459110905496257,5328029.434764647,8.409009334528632,4662045.592452584,7.310523003722725,6934273.140945133
0.6167816176362504,1538149.1427792339,2.524709952404302,4492550.462626603,10.822157293794533,5343383.184164727,9.9858972710049,8181531.823557781
0.8595094136367618,2205516.5304639395,2.091589985844002,4857965.835041812,8.641678491805994,4830472.460655573,5.9814201118083625,7388036.413847583
0.7737564952445334,1737410.891245652,2.206415340005987,5117025.602412615,6.574950214384818,4796258.274362592,5.424816403493586,7180109.5109708
0.6539738442146681,1487419.9112150946,2.1833370373785526,4471166.513948404,8.906804076897375,4394188.421636016,8.331569744828917,7266530.511682596
0.5134239862656061,1278471.0042097839,2.1554165214654364,4183009.3102312568,8.478777747567385,5106015.539865316,8.095435618728143,7941953.090281646
0.4760384015512973,1233422.5102759087,1.8521664501551933,4200011.638095583,8.097902657439437,5052884.821573335,4.866082498755014,5805601.537473068
0.5486013695861729,1154241.3147759768,2.9773767883707443,5471718.53315185,7.0663267143945285,5012908.507365366,6.461685843354324,7018154.174981631
0.7232879637904811,1504061.5305491826,1.9930009063768652,4463948.636837017,6.704900093110222,4772890.375531203,5.583111903603769,6900524.495140733
0.6339552672821361,1466324.947563191,1.7207526469042551,4440784.995156344,6.262373750005039,4510405.994783185,5.630461649698716,8502099.273983503
0.6048375075690355,1502065.6599889244,2.226279702040257,5509970.461433784,5.937474606827405,5281019.43369798,5.735099272979829,8459207.944050495
0.5935147424783366,1721405.069384042,2.5523639886647085,5018251.131176314,9.146920386068368,4711741.758820663,7.149100837504272,6891757.215063791
0.5873155614091277,1744344.904088352,1.9158087758744082,4912012.664586943,7.408301004568723,5228116.751747116,5.341699455578137,7993595.3398744725
0.7452126995654405,2104708.3631045315,1.6581651025215176,4514628.427059479,7.946401570627125,5055065.706443739,7.565418908000647,8261730.853976567
1.258975696307372,2768865.1471146047,2.050061769443905,5051553.707489043,6.700980077922125,4877188.064412217,4.912266437299009,6237083.005243659
0.7027018319383994,1455611.0642142403,1.3424465040622355,3409774.2697570985,5.72853413131214,4589261.105527551,5.623580339107736,7589265.331793491
0.7598559633158546,2072954.672066761,2.8566384119182655,5499257.237079306,8.340061021307536,4820975.976282688,6.051352875983833,5993955.044607898
0.5234940434595997,1077925.0272311654,2.4886479381188233,4718672.060178132,7.7317473981475855,4434684.942462997,6.7232520282830714,6743851.870574858
0.875687660788683,2196907.314715324,2.626997809620566,4996998.205047933,8.930240991929326,4506071.199654635,7.43527978144375,8534579.207460959
0.7691783742778513,1522302.8005253756,2.193566660867164,4211793.303263575,7.8124550039338185,4412954.39850712,6.948561281458064,7871165.393331061
0.8263588566574858,1668549.2423182698,1.6056290576563488,3662223.3735018587,8.02274124693322,4777891.537483604,6.090210854022938,6247728.231595205
0.9020369215941179,2204390.3286051317,2.4816921301419677,5732911.020508792,6.510553286998071,5020331.037859749,6.12815503276194,8392511.817096222
0.6353194980644818,1341775.373292039,2.730749573232809,5131838.484360289,7.567679046930841,4617018.415119327,6.433328025115107,7608624.815414697
0.6243316361013139,1622431.8525599283,2.8762738687804186,5457010.89813057,8.002702423159658,4902831.979197861,8.026893080749993,8130523.4125601305
0.7583606504399781,1600913.7937626909,2.0926926484468997,3963232.8891103077,8.742357734668087,4918409.835378849,8.348436451040978,8559329.785928892
0.5627458624090248,1498691.577448168,2.073242921278697,4551439.884822644,8.589793097521413,4614681.293855425,6.5880584183431585,7510167.477439755
0.5538117472487738,1638743.2202886937,1.2804405081481307,3255609.6406524386,9.227915205691339,4939863.466049853,8.265961472855777,7696632.348475203
0.4700273958041441,1578710.2900117105,2.0448663756628793,5122423.656669516,7.880746140302439,4723253.835628662,7.107863742605849,8227003.512913472
0.6783153854996953,1189507.6585378617,2.0146660180109364,3727972.6113577224,8.803092562544737,4618636.830286278,8.187979966135094,8115377.208913869
0.7419724129525329,1525778.796760893,2.4145870393213844,4638250.314602008,7.128297392854488,4582699.107298893,6.939651431233967,7326114.057618332
0.6211338083688084,1930739.7056039944,2.7214549047023393,6060461.778159207,6.618860312174967,4565855.1162802,7.092494095874564,7631350.224801936
0.4787254818334889,1228940.5266742138,2.1323209863041046,4355246.276663806,9.104547594352518,4723636.556177347,6.253128104801182,6144705.465630864
0.6264838313594213,1570340.2541169692,1.5060315686764243,3877996.017532584,6.6181528877774305,4877843.096098773,5.336136297521026,6653430.009217814
0.8225020826011702,1864542.234090696,2.1085533514923465,5137921.433077999,5.134036132870071,4830427.623240881,5.167456589178146,7780855.427466799
0.580738951187088,1464753.9919577646,3.021250270139339,5677910.336556351,7.419585074746992,5354166.166877009,6.681343570427682,6938152.1299873
0.4965644368540016,1743071.6567670035,1.3117135031998122,4146977.425631242,7.865004660278872,5030076.878700159,7.613426058985766,8600351.814835178
0.45605608388177704,1018154.9168574638,1.678873559526936,3711150.325833283,9.16328630983895,4597870.891589931,7.8555625361898445,7725604.609114606
0.7482988020408291,2446891.1195793166,2.3237061249629343,5286594.468516196,8.349084086652573,5062575.115005543,5.922549665863176,7516224.388106989
0.3643957527111406,1567855.6258538652,1.68851913397443,4700994.938935567,6.633071767516835,5666407.781462229,4.106644282585677,5914695.76311402
0.7850615213404619,1964856.6441362894,3.2311034520102164,6281376.2095888015,6.98287463554744,4598897.253838019,6.204141540127504,7271028.387934
0.5882801607509976,1869802.3505811477,2.165206861519307,4791068.321295829,6.647266380357733,4975760.0199582465,5.429257305487775,5986925.286492144
0.7853550331278315,1980662.222869509,2.4099868519281546,5407235.86026103,6.094598114565533,4919946.472396554,6.466116891418327,7693108.678638162
0.8997517804601416,2215973.417723358,2.100111763411056,4948640.004872408,9.448059344935253,4976749.600386357,8.328196711039968,8208866.648780976
0.5103721696299655,1314136.6028471868,1.5896950204728484,3570569.0714584957,5.889872077058851,4701780.620814572,5.784139734929879,7127351.900365741
0.7850695261832006,1926455.1292077717,1.5227504248773487,4092666.628845218,5.730855649639697,4995133.813960732,6.649903345605327,8530777.145968845
0.41356445679130405,1656263.304560759,1.7826923880353895,4400770.140162006,6.93386618695927,5421399.268340486,6.781193136917977,8301295.803457048
0.864400394641049,1935877.7232797684,1.930685365758268,4936780.355000736,5.74505035837992,4949605.644693751,5.168816139823506,7617909.2854733635
0.6455221230026803,1406678.3374650162,3.066505078317759,5407541.95886148,8.829621350928708,4568343.138888875,7.875245044780188,7475341.81630419
0.6140652989298343,1402024.6870426296,2.266400016021136,4747920.711754327,7.50593555328166,4579376.523858375,5.611686314051195,7435118.3977385415
0.42896524500235994,1507260.0535672558,2.067901011974393,5097787.484728897,9.059077956793166,4856850.996307846,7.098789151191439,8145290.2354871975
0.6272603653673308,1163399.1297046065,2.5181398562399027,4481206.76868378,8.489498422909058,5125973.322126697,7.259249343665902,6793288.17966479
0.49926801074662586,964698.9655949383,1.7020022291625174,3873671.250001766,4.90972345754329,4507630.400495645,5.665938749941502,7732477.623432661
0.7118797094724858,1769814.283120865,2.043907814446895,4338354.101421422,8.418800133531914,5080322.781892879,6.722037158573456,7133294.285967772
0.5987315563928912,1208478.013330915,2.105123418712654,4752983.387712956,5.913574219743676,4724946.338819058,5.283218322979148,6780944.2560683265
0.6932582958148631,1803328.7134959218,1.8805217483685632,4869367.663624381,5.39400114612317,4348858.114753743,5.11630741409983,7434841.372915383
0.548747914219983,1541438.364275011,2.7840759328497153,5493748.832768526,6.274783094800587,4639168.711073121,7.0594450836417675,7277582.351499104
0.5002881985651616,1558893.7654630158,1.7023857828006876,4730894.739395476,8.654977925448232,5281357.532874024,6.758186280750011,8703126.994854804
0.62594769864018,2066380.798335419,2.305817654652315,5598950.063502108,7.167813489271138,4886986.132849563,5.339242290161768,6921072.717073879
0.7065698060789729,1505336.8610722618,2.5217584241243074,5031567.27773415,7.464919875098151,4736429.693323761,6.5019558379655855,7686853.155961262
0.7785703891725085,2493762.7546273535,3.082050276994373,6156333.306667593,10.04950527139561,5494126.405374748,7.022193979288016,7799335.44987537
0.46926884392868146,980077.438141655,2.0021712395062745,3944176.162030085,9.394657584492629,4199894.046806482,5.935266569262703,6253054.601639039
0.6769660920424365,1602628.033240949,2.230763544094269,4656444.366547076,6.666507517724387,4740852.80238481,6.275223558548278,7114188.944875579
0.45268176014772227,1392857.161747384,2.7721467297886413,5522436.0108821895,7.730243489435586,5002457.282436285,6.017595488142271,7186078.137319595
0.8044433240731349,1756770.614122258,1.8459943212868763,4511011.955442554,8.27135021040791,4581797.819896767,6.985420986988637,7840464.4059605105
0.49695143843850964,1155238.1095958988,2.201481116848041,4978955.707267144,5.150802153616487,4890820.30184162,5.355965660393733,7298997.16956368
0.5621435874156304,1741901.0542452866,2.082150259809156,5116711.113713145,5.685504189190386,4803657.336549344,6.582676908453821,8563468.649069624
0.4445403195933087,1530485.4119117528,1.6065826233625453,4255713.357577039,6.638573293090851,4594032.97405332,5.109015123911247,7460798.802970671
0.5988765763786995,1696729.283658822,2.3353863623802145,5093660.590560244,7.973116238647443,5047689.0534613,6.631956555444596,7447809.05182676
0.523302203018311,1339133.8084713423,2.102998174570557,4751577.478934006,6.5565469869041,5213513.560736137,6.096701676414975,7307535.0511360075
0.4594587181577004,1574923.0635263147,1.4117251902227625,4148290.8984424523,6.02216163410888,5247575.862329041,4.109807359546551,6273672.722935337
0.5735501808476235,1657724.9086642265,2.537752308569347,4955762.696984926,8.730237658145223,5252661.830441423,9.038141252559976,8618529.182662196
0.5600225465599324,1116531.6558297349,2.294066672427716,4530419.958487943,5.36865229211846,4177919.640586021,5.669585360926379,6961911.047554252
0.7258625219969449,1734405.2747999728,1.6071795546943486,4152038.652915353,6.629801367295794,4657670.351470299,5.189396533139328,7115187.731656086
0.6207095934730682,1498313.797313346,2.7014811473889235,5188923.551030677,8.389030366706665,4613045.913980672,6.723935946252052,6969892.235810472
0.706656725148485,1649343.171908843,2.4192529013566664,5409773.897605168,4.508919973134606,4847373.551570353,6.053034739057974,8071040.807882153
0.7688972394071876,1612691.1902793401,2.172976304126098,4199217.118519341,9.029439749650383,4805728.181131823,7.956760771595378,7899594.832608681
0.6374053523461832,1366360.30316214,1.8889749737907557,4033136.027772003,6.897014962677591,4754772.453135028,7.039193378335325,7980843.294552298
0.9284133714776368,1692491.307443951,2.160226708967684,4485419.933240436,7.379673322404737,4760648.035096105,5.900665186931182,6908949.403979694
0.4197262455053954,1284600.871481231,2.5273425216091265,4993709.968541052,8.087261242602885,5317773.717068415,9.054229497622469,8483360.466134017
0.7266012199802561,1683201.6888704686,1.634698810844962,4308230.920430388,6.1658284251547135,4868770.055588756,5.039365171945018,7589633.43403446
0.4910255333176313,811950.5317874985,2.0423335049938394,3965333.393935938,6.937885160168339,4292153.771561052,5.639686302374733,6438181.622498349
0.5023274597817116,1097231.0239161553,3.1567538182088235,5232091.131770759,9.35074079862424,4460461.537497028,7.808414761046702,7432288.96774013
0.8423327425331939,2275855.206656424,1.7303176673273823,4675727.412618217,6.745688729843233,4595696.364597741,5.334844003463335,6856781.930093469
0.6951853610367402,1626453.4694762481,1.9396432217190511,4643697.561956326,4.586195555287523,4898579.973256351,4.456196575576391,6469551.511983233
0.5202252372007947,967327.1774519556,2.704790187925607,4683732.215914141,6.114935308346167,4529908.434488164,7.046061226908672,7121807.71093922
0.9016436357121906,1484992.6098603553,2.1802892550985074,4228334.181158593,6.967482509001768,4666146.658548396,6.946071820516248,8026943.261729006
0.4230626347064746,816684.9145124677,1.8087688486299267,3778897.5128518883,8.796617155052298,5157254.76783819,7.3798089829367495,7561759.458777834
0.7108026431280324,1743858.6549925886,2.335400382592171,4882028.485041056,8.095581191102768,5116328.705840668,7.860007273908396,8416790.278697914
1.0670625059463275,2924941.439700592,2.379562424262446,4947964.143594285,7.870977019742158,4775022.145781792,7.682265498352796,7995870.804216749
0.8945220936870404,1700433.2407267697,2.9327431722829367,5252301.393149887,7.957991032633938,4089858.234195926,6.4302576472763695,7013304.637298832
0.7151707387819963,1286086.4211858301,2.5508692370228867,4590186.15381547,8.145193885811468,4733487.995705693,7.467981090205381,8038226.958844263
0.7096554592557512,2025154.3439065847,2.261020985638432,5502230.90061237,7.7262127712162965,4681091.554736739,6.9155870848359955,8728123.976460481
0.7200081110634021,1413605.4556211114,2.3948270890154366,4426254.550503207,7.84363744710124,4681754.823532855,8.283675414101104,7852516.169960375
0.8235501325413342,2250377.9851599466,2.158432654599748,4697027.844802845,7.552806471044655,4868665.168311832,6.444856226613211,6748824.212764207
0.5702387701310333,1835279.4446690432,2.6534133991380697,5723478.965305651,7.2600784440794035,5255474.646605857,6.862798912007758,8374512.522092955
0.5136735794620721,1167662.200786718,1.9121743517707428,4008445.984186117,5.7788493518125845,4468810.535423009,5.5791329975304675,6557539.296124476
0.5239937105653246,1319415.4057932259,1.6036629184240008,3935666.5805612844,6.955836260020407,5014682.976437702,5.491974145036408,7204845.9420910785
0.781062820545858,2006131.0943520686,1.9270207794767695,4152071.6794998413,7.8071300938787465,4827660.100713526,7.218525091765083,7316947.457980576
0.7867793892944874,1745394.4120470718,3.3131599263085145,5638620.263455902,7.991038455623226,5200666.878904064,6.5158368715357575,7112131.852405282
0.7309561883255011,1345805.149505583,2.891763579169972,4947013.339886282,7.2415779130485385,4585481.674896151,6.482370171329226,6633684.635853814
0.7021347517219324,1483429.1257487345,2.517080373969901,4219733.06664764,10.214270911751797,4827422.6939313775,9.215425026260638,8491259.28585753
0.8511048147881038,2469863.4817221006,1.7972398577513766,4814155.818941963,7.9619621644259375,4903269.52120807,5.836028813667675,8164782.5755167045
0.6007089533735954,1779638.9821271396,1.3909677975252188,4198802.20269506,6.521677878979932,5283032.266289096,4.580174213517882,6409149.26144376
0.702362028218557,1216131.1776502293,3.6082583149174354,5023705.638628707,9.827604452795645,4859304.78897839,7.947109241372505,7632839.979444217
0.64778183507233,2189069.938252258,1.7678869461928906,4991120.938402572,6.408402410313668,4940679.740610605,6.8466720626032,8622405.768508391
1.1769359241804087,4236172.807331057,1.8182791130375824,6384592.017270235,5.360064951000472,5832444.075571735,5.343244588418354,9116094.245861964
0.539487143774537,1112673.4299716281,1.716057766612184,4003137.5507386867,5.3672005243118805,4181379.451973098,5.130782969382715,7090344.124066879
0.7093516862073477,2165334.1673923386,2.7847372875511427,5278299.858517448,8.707123722240956,5076412.144064648,7.473191311911977,8226330.681889587
0.6674935193362207,1416776.685201131,2.424737078659061,4695250.748503805,7.600111258320156,4880495.011504823,5.250720460507356,6092411.577572706
0.388133672700546,1259913.687874758,2.186151099060848,4669246.4097239105,6.132090000671578,4734600.8735003285,7.759600072948156,8019520.622955518
0.8284104605548626,2108865.647432072,2.1798407035193486,5850016.092388008,6.230454647992204,4754261.72077828,6.547787868032753,8168975.43378873
0.6228848791651418,1512778.247792556,2.175280853487085,5242908.786161308,5.176726704335855,4456383.765179719,4.585723388395276,6793747.343978257
1.0782148455373735,1850416.919665208,3.262732957404851,5405920.612184395,9.778596419706492,4650912.027951134,7.696774564838781,6548892.3051445745
0.479644895122276,905746.433998891,1.8939116622049212,3860744.204987723,5.413490576295544,3914729.6509198463,7.200455705187955,7643571.732125753
0.7114557462062034,1107481.4569189409,1.8830089626515258,4051029.7359135547,4.890099618135333,4479511.949760233,5.356803253770677,8056915.885010306
0.6690375538177379,926760.760959999,2.076609921591361,3638500.9734863825,8.632334799274968,4674323.536224239,7.740686316422053,8222551.79930956
0.7137011102152262,2093521.4189626665,1.9522989986721544,5187529.38075685,4.872748941743181,5160960.971816836,4.260145168522982,6560531.387436399
0.5036401660521557,1328174.1110008818,1.9287633952670957,4437838.8092155615,8.752030815660065,4662147.515156583,7.129461875189632,7508841.888966827
0.7704793401693283,1696485.180033587,1.8240712401281627,4254892.2058660835,7.678637324637102,4678553.767938136,6.706366209775048,8066909.180641781
0.4988805315965537,1300400.8461734497,1.8176497862232652,4108072.453937536,7.163617529523689,4809812.817294241,5.014054862508408,6538400.436863555
0.8854739350066123,1827668.6681600716,1.6226504739175795,3843172.3486209405,8.10715736731524,4826047.077901588,6.314773433193551,6836952.147711292
0.6464251724473409,1982161.6270951512,2.173362326042907,4991419.335253442,8.453379592497438,5368000.823489851,7.028754489136372,8422155.49282906
0.6847004537557453,1122764.6434087756,2.784641826426796,4512359.173076914,6.4834095245303285,3970753.6464139726,7.586004535882767,7639673.816983091
0.7578875485059262,1463354.8071044078,1.4668969104331453,3609778.9627391025,6.788062943747199,4870731.6119969115,5.7564881632918095,7560297.640426863
0.9848397258143127,1766695.7013150982,2.058124882051411,4280513.884228797,5.53933081093178,5019477.424481612,6.066497446691689,7940328.993508918
0.7278508868607882,1845169.1227160515,2.547640345503747,5478552.761499799,8.379775213979407,4743941.563479583,6.100337027003622,7724803.87179078
0.629809615921229,1571172.8336389912,2.4266212121520163,4755833.721756691,8.249591353526547,5213798.599559573,7.442087647552408,7494173.43951736
0.6843789763713778,2198972.609050269,1.1224401544998066,3598098.360312586,5.917013182313894,5437672.417609235,5.682462228453767,8704607.755436681
0.541030148616365,1374537.9094361719,2.350296580125797,4510292.82172418,6.409920876906677,4072569.607430851,5.837033214911876,6331188.5664033815
0.6166697064391138,1447899.0917407,2.654996070975281,4764235.311366211,9.768797132597443,5100424.39953003,8.704988402482975,8326077.301245297
1.0093331225088613,2745536.9847320085,2.1414234711910636,5607306.4430164425,6.686153709313231,4720113.085789932,5.485712889083081,7737914.346852068
1.0260996570767709,1989278.754020749,1.7044179359357488,3909120.9224617993,7.011509171396592,4337703.701215274,6.658312144990661,7417336.447555002
0.6767998520972778,1617758.4850121397,1.6491433939542448,3724937.6713520414,9.108680748283415,4816285.402716909,9.235477719084953,7579348.00171556
0.5745941218262796,1569414.0364859223,2.7950871952602787,5357661.47341772,8.490332741073736,4540776.955988295,7.321716683734266,7483130.206075387
0.9236306543626616,1311888.6661256317,3.01915416915833,4913711.791258395,6.963006754875438,4212823.861515432,6.605354439183544,6522180.355482192
0.5047191292826056,1913775.8257419355,1.7642632864122136,4513388.384283697,8.616120901676512,5636595.466875048,7.897814301582707,7885589.860360306
0.5884455342830185,1558191.7294265563,2.463863010867289,4776222.226705326,7.052082694699688,4791160.057005723,8.226339746857391,8189836.586136874
0.5716474177833853,961854.7769537148,2.143522172623175,3732360.6716147116,6.446798183942828,3534481.5016031284,8.563311420097248,7549751.50445119
0.7085861565061458,2005552.9341708748,2.76413848599946,5683709.866105182,7.2978518965609975,4840276.137423688,6.808992608596981,8047674.996409129
0.547276370792054,1292445.0809927166,1.9192705397346899,4313755.532330163,7.116176692086498,5165591.666596406,6.910199911180227,8127385.295257671
0.6141697720589366,1286530.4726167533,2.3999420097086546,4382458.679046792,9.028601824442411,4741454.104134915,8.78187830407637,8288801.569967432
0.5349651503602403,1320015.823487994,3.453567089616667,6019059.616895672,5.659038827408662,4833417.954109248,6.270054232634801,7075220.134146666
0.6765476351357483,1470518.8473055053,1.5762989288416955,3451855.2650220995,8.20138411199308,5219841.641609977,5.2723960721237875,5949724.908666041
0.9943947859412093,2817188.610705561,1.598680538149889,4531374.218571559,8.246415086586904,5111284.135217507,5.7849585397514955,6659465.114096868
0.8410209662922032,1798113.4131595,2.64740587771035,4880868.739216495,7.853785598127773,5288593.938999145,7.059646479114447,8057962.172826166
0.8446378220159065,2486461.550075651,2.8247674356223236,5444788.313479167,8.691779031643275,4874256.513169546,6.892778619357177,7344125.345027076
0.5591425036515666,1785687.9598503516,1.7426599028701313,4151820.6415525964,9.428895561037457,4633304.919212248,8.040675767450955,7916361.605290649
0.6275622471093703,1532162.77346024,1.552254585238411,4074209.0155102313,5.856734525435429,4512242.419762168,5.6964703431957,7810724.923148451
0.861084656203676,2010724.2575777168,2.274121724872415,5243477.294420461,6.023763502342596,4872647.647247237,4.596491742013727,6664503.651528689
0.5028310525477405,969962.3382891607,2.328209125538057,4182638.398633262,8.398655097256166,4843176.498281971,8.29930678940931,7860279.045280427
0.5395668912837538,1309331.0770796717,1.7994328277472793,4475233.128236972,7.157927108349431,4966075.788366947,5.397290318590828,7327068.952687109
0.6410148391374595,1450359.724621491,1.9431188685131626,4355180.419237483,6.391579752309119,4569291.102287098,4.879648231583121,5824191.544370995
0.5007640528818686,1276860.5029882176,1.739957383673267,4258614.083162297,6.513015314944294,4514251.441701922,5.844820750157769,7595262.05606461
1.1146985336377042,2410328.2337391335,1.8274940703026472,4169479.6574194855,7.57535342150472,4966983.451523173,5.863519422247543,7043757.343372215
0.8322818087826402,2102331.4401825964,2.445600246620121,5220146.646727517,8.737040482474697,4858442.804855669,8.050702554264841,8284415.030612471
0.7014999117172503,1921054.3070980215,2.176838215689641,4962789.81419292,7.82854620087016,5502864.842870919,5.699770756317773,6987239.030089603
0.7119854180765528,1615537.2382371724,1.942010631073213,4032132.6732543046,6.477543763154214,4256157.244539793,7.78024186505433,8038615.27431259
0.7113602392893243,1863495.3301982607,2.437816210476685,4934641.530055469,8.790498622198413,4791830.94838077,7.692167281540163,7918796.720222624
0.7553017131960664,1668927.9536281936,1.440508559355523,4040190.5126729542,5.259245690129713,4701956.438784737,5.117865692354036,8027141.712016987
0.5607514391370709,1448691.2473045955,1.4771808633413417,3776432.199172457,8.373326800457226,4873260.36627739,6.543691828305367,7252824.167983648
0.8838381857489793,2054976.7617216865,2.6500244324403552,4901668.95162889,9.352225289255514,5333291.383734182,7.230127368232585,6535153.671508567
0.5008747093297115,1294953.0460871288,1.5156354259069749,3716620.5508500887,5.826128267328061,4681272.309477283,3.539956841646112,5190441.648194851
0.7427468907518088,1881315.009140429,2.128165824840144,5499505.846009981,5.7313858683934615,4451369.795359335,5.588522362251213,7851322.647087489
0.683088713613487,1925938.7807489894,3.402298263909086,5414987.062561263,8.374816986686604,5066119.623953771,7.234422657619002,6610851.925349019
0.6486220371871061,1040897.4489974001,2.395810772598755,4579123.949572996,7.444820364674426,4566613.694566635,6.946861264000009,7799369.725950963
0.7884781736857128,1647608.9620891092,2.931087418566184,4932550.875440864,7.133198030098685,4397607.61553084,8.209794220297132,7376533.878763723
0.8403569927803067,2345249.1110073146,1.9250993070469253,4990509.4334373325,7.3722163404405245,5321683.102528677,7.347652054772046,8617475.6632318
0.8727420609644696,2175755.6874657366,2.4928322156193863,5185876.911771534,8.108976725586503,4763447.428723749,6.67949001037798,7339875.963134584
0.7915672083148163,1921758.637858727,2.595804958329003,5102690.16570869,7.209011465028821,5113531.744090377,6.421197679068493,7359796.446431788
0.49862688946921835,1516788.2438352953,1.6633704289146367,4329006.34342661,8.109856837735192,5383320.904447878,6.833262915006016,7871799.594111022
0.5171277064007456,1193757.1569878077,3.749209933851759,5688562.054244161,8.319373882783884,5047757.115584463,7.360183700701561,7660306.846142901
0.6119828582379493,1736535.6177416672,1.5122697226093258,4608507.173285904,7.7862151032251585,4966635.789737096,5.4969090104677765,7084886.898136624
0.7492532536858282,1721617.132518963,1.8395362314298045,3951414.1693777954,9.153235335498561,5163445.5259905625,7.992052509579208,7749886.097142643
0.5044520634223919,1280121.9586610273,2.095029587335508,4250364.0786552485,7.519921448107713,4653335.751366604,6.9084741003449155,7914549.025444776
0.5303592236770487,1275744.5371014907,2.0216969306261507,4596723.499445092,7.370850178259973,4836234.760133098,5.1897871673530185,6510248.872932554
0.8297747799197202,1510666.363312175,2.4550720902171426,4651392.8375528315,7.220115307078659,4645571.828215625,6.461366725076556,7327344.672689872
0.747175290880346,1389460.5629874286,2.5249552543127702,5110720.1423756825,7.788419806129054,4448223.927940307,6.016668315583173,7597393.953004469
0.8712318980456542,2121114.3154200306,3.1385744668702764,5726165.112843686,5.445398683664377,4615852.657974988,6.870729973168634,7482300.5277267955
0.6983968125534399,1654263.2388098994,2.1470162434448756,4560626.872689184,7.657675068796873,5420648.568345861,6.896438759158207,8305963.1519361455
0.4835407184281434,1223186.639266473,1.806124510919554,4503351.803586525,6.533712532787756,4813514.912507017,5.247124447515256,7451532.041524719
0.42687064816442793,1002790.124212124,3.4607867349571206,5175763.176543934,10.797693168882365,4621689.56319913,9.022343524352667,7108333.608009424
0.6155032847589232,1566609.790484804,1.980478735326467,3850890.6079668626,9.750550277792605,4420536.9172074,8.905088461516954,7172692.573623929
0.6418844953740832,1077416.9476188326,1.7810742336258842,3805564.069386194,5.793755004846444,4464295.087166763,5.257261753660375,7439381.671247302
0.4258541458060885,927024.8361651818,2.041703518974019,3966308.07836698,6.610283576588278,4449389.66092969,7.15930265864297,7773010.317555111
0.6937943047403216,2253834.2945763837,2.782386614754711,6913640.6495878445,5.162636662673378,5309743.612754772,5.919089236104675,8305766.146760608
0.6122288061725837,1249323.1200072763,1.9485047677602176,4375676.792352793,6.779406934727139,5091149.804253878,6.231653937564637,7788957.60776097
0.5950922059448881,1406498.3635450816,2.6098666265454034,4703914.47923317,9.19340216957842,4304763.968556184,7.23568808606024,6055144.2114277985
0.6964593359264927,1876003.6874029255,2.3365337073711583,4664918.346947018,6.996207270123155,4782716.306957884,7.460091587715929,7875136.451992358
0.5134128545452392,1384961.4772167325,2.2932748131323946,5112346.932262266,6.708806478370432,4706843.79358976,5.72075072972249,7611728.606871585
0.6548059577309564,1175362.2416330602,1.5447125916422029,3133907.3916622642,8.210617492325158,4449192.45028295,8.562894962557174,7820504.0362449335
0.7483197871870864,1270170.2967552608,2.771747278006725,4159155.6097084275,11.21068846059854,4514711.139156423,9.01909343302944,7155313.8350070845
0.7183891518339786,1614199.5062232625,2.458054555491935,5660073.532103098,7.587857190461681,5044828.153704114,6.188046195460832,8175619.350575741
0.8389789744488823,1473635.1785734913,2.3107915119189055,3913189.358644395,8.61211535145545,4559214.598609464,6.805677201827399,6082273.398398381
0.8639053671216278,2465981.599488562,2.556946827003642,5870131.675906419,9.117885869415353,4910336.968176372,7.452647985280529,8902991.502534304
0.5581902033968772,1380293.2839884576,1.3540224242598173,3733549.251568387,6.749258955421492,4867821.060084309,4.72228280316828,6042578.509586529
0.8102967299034821,1669498.6935649288,3.0648944024917224,5128372.056947497,8.58150347601532,4759541.31458961,7.933427078481129,7737100.156753753
0.8281960831546256,1763865.1604293694,1.9054793964738848,3826331.2566468767,8.41220434837432,4920904.265448305,6.725321101227896,7312892.401825941
0.4733444004140923,1383872.3622035545,2.717747766734162,4641836.6920241155,9.842733074055507,4379172.8639483135,6.692582745697285,6078966.373943197
0.8547054799368868,2971512.335034119,1.9269414299289056,4896771.5811233055,9.084944351046623,5149539.010993734,7.460610656448815,7422346.847518424
0.6586306366245527,1953110.0275824096,2.3345581212550934,5352395.49737392,7.061955091118282,4943964.800081102,8.172340766745185,8724476.337076787
0.6939265973697681,1522156.8854932906,2.111857399299249,4262468.395053396,8.28200178421928,4945005.439747112,6.255378672198613,6590226.482324193
0.697119330545554,1621666.6218043368,2.540141722085491,5046647.480671088,9.62228713374335,4626858.722667018,6.069590188434131,6759129.5020154165
0.697676662469722,2006642.351679628,3.194905397884789,5385423.666871407,9.637899961519151,4439033.805626964,8.01382342336975,7243437.845344726
0.6423059455219982,1537248.8141437527,2.2043730731539735,4371106.32409833,8.355822756600999,4846904.925406012,8.081224611629004,7623312.94382422
0.5364857758119582,1353462.7675890054,1.8915958604324667,4599914.655666357,7.107091989430551,5106455.777754899,3.9887030151323293,5825144.3439643085
0.7648299570658503,1552199.7889682956,1.8765972844984526,4122380.7072637156,7.6483339133245964,4834828.112078266,6.965242616769134,7813941.273283869
0.7027334215777885,1643597.2461540727,2.654599934556095,6132428.595619393,5.5782676589828935,4784096.867072587,5.624918180147416,8008206.525980726
0.5685620729224614,1517827.5937822314,1.4506508968208305,3980976.686685326,5.586139951584128,4545021.025615864,5.534299184794478,7439076.957838899
0.4802984596103581,1646238.5367965582,2.029219493578695,5241135.495497731,6.419199065210848,4865851.376492044,5.597963993568929,7732322.6969647445
0.5898708313648253,1287691.7992504644,2.3310128301187554,5015452.118190888,6.885120552507282,4626125.644446052,5.411736470794489,6955561.915816234
0.8149547029187789,1445910.7804559753,2.0562070548146436,4559636.9377636025,6.637625670162714,5024921.24759644,5.8006222578729645,8154476.591341484
0.6415903829107743,1413663.9235383188,1.6619170139375163,4213666.127448621,6.79741523251322,4410059.851932345,6.238547619055509,7198713.788252152
0.7444826191833775,1913919.8121800357,2.5007588084363737,5867281.6117686145,6.459131286964217,4899530.9954854725,5.684444159426931,7433042.666402153
0.5316457077684729,1521868.4773307815,2.8164735752585894,5579856.838504712,7.416388566846749,5057733.768070054,7.005382600293043,7172753.731203647
0.8332193601286977,1932163.0712378414,2.992863105513219,5346526.221192608,8.974617691016674,4646138.671733033,7.482448348245248,7757412.107396852
0.5076851352233864,1590047.0709517451,1.5833264631518376,4008735.698687643,9.089601141813441,4525326.4177590795,6.526561731171049,7160746.753829482
0.5950372934518771,1290226.5201541828,2.690834086509838,4867783.909456226,6.76675261689623,4461503.957116133,7.436508742242946,7196900.448467106
0.9867859766278413,1737955.1002017332,2.7668223836099655,5132617.1618808275,7.590231432183239,4169635.794096792,6.353967054535797,7057798.971887035
0.4085198832976268,1551745.512442969,1.9282141697735915,5379379.072523959,5.866725270984246,4267731.589731298,5.492391784015734,7228496.816473995
0.6447409054861961,1676588.9605025158,2.2322302515160968,5353436.704578019,8.745056322495815,4692632.799328588,7.593445825808008,8113330.127491198
0.6755874130526837,1242041.0586816005,1.9427106820067843,3741537.813714107,7.043284130136479,4189234.695148205,7.238105690618917,7044011.444674617
0.7658910564397805,1381698.7064491233,2.21450595303747,4181805.827198761,9.28186300282865,4923833.712744437,7.742344296250987,7260984.700345169
0.5145472478129851,1468071.1254382823,2.217048602798911,4973965.383069881,6.6123820616930535,5355259.371896576,5.874551993661092,7228138.530863734
0.6038481242647632,1568634.2405588327,1.9486433603149216,4677523.931013675,6.600862860865539,4890923.37095708,7.174923610912095,8437399.38482875
0.6424041663961416,1603179.360707872,3.6953025573955838,5884049.674808505,8.152080755207484,4604071.575925854,7.589329145478059,7198972.218752177
0.7918921115724906,2156538.945911001,1.5582687165845766,4505097.911029603,6.0089234942141285,5420364.0275361575,5.273700120534873,8471796.421852365
0.6697975924444255,1968437.3494172853,3.205070439446995,6551861.482589632,8.29198826021795,4920768.545565649,7.011902975837807,8188858.829636295
0.8875615598739836,1438430.6481554662,2.6848916055276564,4285906.160809227,9.623103843260216,4389253.246171179,7.95695240259896,7406436.273773886
0.7550756795311251,1629807.3189296932,1.6609138309864093,4028278.9117293004,6.517173705279735,4601675.174196948,4.961496092540994,6934139.726311149
0.9784698797580406,1804394.238031489,2.2415205995218064,4252551.202437658,8.808554695835582,5062992.912413495,6.8019707955067545,6760471.403749363
0.6078265588058683,2264549.7476063157,2.913049654051539,5907915.894341889,9.604329032060939,4811263.949819537,6.995219585201209,7661122.09923472
0.7933913286243174,1318150.5463524307,3.3576794163657753,5052747.850236378,7.806102827517516,4106923.9764290303,7.986923446640159,7369553.7551400205
0.6077740960093683,1763536.2489417244,2.3667821519398453,5194451.597337792,8.211697367947469,5150313.223351881,6.898037148506227,7410846.548210607
0.4940818848003922,1336358.4407854339,1.6504656138349583,3956760.278406239,7.204246882997682,4949281.046817291,6.689054796297801,7439527.922398556
0.8676682484205432,2070001.6961858752,2.532004493648456,4919214.643245034,8.296489981729426,4648692.431554217,7.767491856708926,8019760.835332517
0.7791144888208472,2206262.5092854598,2.465343396145777,5464174.570043547,6.487562535464616,5074716.973645444,4.543460424474196,5900305.4975292655
0.9150351445289687,1597397.3864869378,1.8137660891609748,4286388.323973365,5.325093234901186,4465934.516888782,4.671058515771262,7009333.320736398
0.7710949202227517,1708023.491319979,2.1109428292152472,4548346.245501746,7.234019162168739,5109603.741378507,7.331003400286223,7836594.153815993
0.5752401136080122,1446279.9979210314,2.09925513672545,4525737.439733865,7.842640851221008,4175794.987827445,5.502359377636029,6241785.283236614
0.6134757678154241,1420277.93001668,1.6220210690366537,4437267.540961099,5.249070875777441,4726834.674014344,3.9727511831462152,6803369.634231373
0.6085827298502032,1673119.8710513047,1.6747510000072154,4481526.800444492,6.102536747813911,4606392.360210631,5.270766734351706,7147987.694956237
0.45916835460093114,1113504.0480879203,2.138052150778792,4925326.364483509,5.062277143566615,4857962.409075763,4.843398222030654,7293876.389287694
0.7785347360543315,1615096.4633282144,1.7525813010369877,3780459.7147944313,8.935227402598029,4651020.601535436,7.699064265228655,8909123.750795223
0.686727512739004,1809775.1236906939,1.523904843020793,4044395.5471132,6.961996388711146,5011508.0979602905,5.125345786850615,6933272.625674215
0.822513603430591,1398371.1106551378,3.7592370839090616,5762475.86112753,8.6107039991603,4887236.775945786,7.4462662935097415,7421251.526006528
0.5868663592238909,1371512.2874321686,1.7096194030638465,4063677.621516909,7.632948409758528,5033353.605778553,4.940158948426397,5907868.7203737255
0.6515511415404615,2365883.7402591505,2.4624212415666085,6302833.190987676,8.236307838801835,4554101.0244308,6.95300433270727,8339382.319746415
0.5037643542666108,861482.4044286872,3.677533387075568,5655646.460935149,7.90312467257608,4547050.990927723,8.397855429966189,7779733.214094468
0.6070707779211342,1757891.4879316953,1.9076819974242885,4739484.294264991,7.998608107398285,5126204.299427713,6.222782044317435,7647529.83688759
0.7639717504477042,2100198.8113144543,2.287319897010489,5819543.873065156,6.431016707322676,5312601.238558532,5.779049039845986,8459605.639706586
0.7468075727243855,1804629.627992616,1.540226273255614,3871072.36831444,5.428913969357642,4954934.913933552,6.172279394141421,7093277.8394821845
0.48917393302533774,1823099.0292064778,1.4576176445317472,4687669.752698207,5.864243166935445,4898254.235353108,5.776305275489526,7492314.041036965
0.629881937101517,1431254.769888233,1.671200582815915,3779728.2711949274,7.2279213845000605,4591039.836929728,6.190975338425581,7167820.027401179
0.477327360490725,1714572.7968417767,2.376737907214265,5920178.199038196,7.688553092369375,5227197.588442076,6.307803220928526,8157478.931753716
0.9668714245828391,1673805.1885067231,1.615543400911904,3711019.2645999705,7.906040878157015,4994803.38450583,7.783697110670191,7932181.31322674
0.679385095180664,2194764.6823387537,2.1784923834632774,5616257.2115375055,7.246342748483372,4981251.675760975,5.640811724847561,6966566.974975216
0.7114369180415676,1867105.7338023754,2.189119110139637,5336280.3926473055,6.7719099860247916,5231650.109879426,6.042296155261993,8041067.027227117
0.5827783440375254,1506188.4356906984,1.9246151542268812,4302539.698880199,7.057414790971507,5088721.408018649,7.404649810592376,8266095.953662177
0.7030159037140484,1491153.590360767,2.612317501919395,4692416.417633751,8.515080390972262,4666155.168390315,8.279175851122965,7866664.623323828
0.9539030854768327,2759457.07636962,2.5474859088895005,6554368.815274491,5.953687410974049,5234401.88429129,5.1329052583367965,8336953.140063334
0.6458010135985469,1822151.7202851998,2.678610203332968,5601465.48629243,8.755887092207843,4985561.472967726,7.580601942970473,8041985.408502231
0.6128885263597719,1570703.4570996345,2.2230743743403916,5000690.388251387,8.913050298443359,4877482.135626995,7.664508366039046,8773411.230204709
0.5160135745524839,1077714.1191519531,2.0498317792789056,4139434.819332819,7.3885274680443445,4490512.512464147,6.1866265911453135,6291416.520355907
0.5691857368396719,1362655.1204500897,3.070755169907243,5227007.422484399,8.674099850480562,5012371.89655355,7.8227243762424745,7744016.254545314
0.48138373335954576,956616.1000150831,2.202134960264969,4125019.8340482838,8.305733689019448,4581013.663836152,8.34393673798242,8099945.676523172
0.8276535429913433,1692859.190305359,1.8074067220506502,4445571.308978316,5.160982741100391,5281895.701946071,5.216747416204219,8706122.093503395
0.6581158474554178,1535793.4060679625,2.606546715907479,5065559.754941722,8.315013492933154,5392803.416097576,7.015663109993263,8363537.450912456
0.8276747955581392,2283497.0031980895,1.9459706823355698,4906102.383698804,6.845070550227437,4649598.215663603,5.945149231031298,7553245.032900876
0.7604809808952792,2053914.1117195087,2.645793018755367,5763130.857586215,8.06078070391987,5229974.8517793305,7.022047586477842,8237007.07566647
0.45431750793177894,1512815.879398521,2.533323595473348,5501538.753268342,7.102248594924879,5005374.822649755,6.6357079334249995,7897473.905293461
0.7833313253479948,2081846.1387154635,2.4128838408312614,5762930.947790111,6.313782866443245,5082666.878955711,6.140387484404151,7990329.61071785
0.473101317636685,1013345.9410882859,1.5449879867154528,3390514.225040228,7.395749605036124,5116347.819937379,6.228719703129583,7238498.140421384
0.6564616880998208,1734873.4347607947,2.3327091248444725,5287207.85504987,7.593618458158758,5060125.146848546,6.837863947724964,8192972.65738659
0.47896543132374325,1506173.8496329526,2.4475134534758665,5277422.1015208475,7.695569805775646,4681627.833846871,6.824244898464894,8029999.640231364
0.4720708209314577,1050899.8210040503,1.9990657432794146,4316986.934489501,7.332598428068666,4366136.268901981,6.028929293349248,7169002.024707946
0.6697737646208889,1459208.141504541,1.9819119543461576,3958977.7024819576,7.925056944584956,4539122.106513219,8.68993624525708,7718171.119734907
0.6252694279279879,1676402.0222907958,1.5152469229623025,4149241.9863466695,6.31565999282731,4874683.145141891,6.02190187601267,7367919.93680866
0.9040006431647014,1655666.9453471461,3.3902030873432087,5873272.437608963,6.906720353235489,4864424.554016535,6.585181022317252,7581354.589946507
0.5868476909027232,1728114.1631725428,1.676621464950585,4966520.687232511,6.406686109086882,5024465.129565114,5.318125531364515,7561078.479883765
0.698886953340295,2082269.045913502,1.485675776916233,4228208.937753795,3.0060661516526115,4076029.993074461,6.216932619222008,7929288.819391174
0.5092916899042407,1359751.40262448,2.027475515248248,4784131.518334783,6.864407561158224,4962309.376020169,5.836445502378018,7205062.147618497
0.7223246914597422,1707316.5367516268,3.2426272950378516,5348283.362332648,8.225072213453862,4873860.724308135,6.979958572828624,7490135.120203482
0.8101918358462556,1189219.8316926444,3.359195259684663,4716627.136986838,10.07260033200163,4724199.804492987,7.968672349891453,6721276.8500898965
0.47144187266820037,1567165.6947097376,1.1817547541537454,3783723.2793991407,7.438585278419036,5097776.266554612,7.481056176740298,9097602.138935175
0.730825912109958,1507556.1230751893,2.248651834264212,3998517.9684026083,9.306130211877184,4474975.3068587035,8.335166463465344,7464452.991499866
0.7331904467035963,2014042.5794199407,3.2209069686481424,6045162.27258736,8.060243094069229,4833033.747322087,6.412812881374008,7166238.421208922
0.6833316715284906,1653227.6343119738,1.5510852574570988,3776875.389921081,9.24552037422815,4953416.440830285,9.173298739803096,8938849.769679686
0.5967858032678015,1172291.8074044925,2.681631212449903,5039476.0813732715,8.036176463572433,4883176.317924468,7.047309617976591,8213741.66416405
0.4447234618921466,1292481.1953210137,2.2023576831621847,5301291.680212688,6.538359646649255,5429257.085166865,7.3794652299591315,8750678.7532328
0.5958616256649929,1362870.4862647494,1.6430879033913366,3544146.7039232636,8.089319837132566,4899520.449422572,6.866455013985923,7614283.101720812
0.46322228913797253,891285.719021163,2.5392679356996326,4463218.633923449,9.093142467511228,4571810.183156282,7.008980848900152,6966542.191906375
0.7406525812679134,1682419.4590331279,2.410087355838562,4845405.846745666,7.029324643467834,4544386.678440516,6.296803200459904,6856436.479405414
0.5185313361683055,1734039.7952050895,3.3913739126611797,5798161.465483551,7.734052646417597,5103415.071873031,8.117228767520746,8104584.662882055
0.7325053538946057,1673952.9788718969,1.7746728871874036,4189192.966794095,7.1294712091500525,4872545.741190243,6.810625179241676,8256509.486001349
0.6511072092703538,1682798.744216703,1.4961117594887519,4032143.9851767104,6.106627050959286,5178162.6771442015,5.971164607017624,8228215.146973259
0.8096210425363228,1110632.2837797806,2.4098028813220775,4323368.975882266,6.348179162191733,4028058.6929205265,6.58181489945141,6843352.322404394
0.28621033081031716,804922.5564390349,2.458066855843255,4728844.507523775,8.264143487322263,4530836.992887816,5.863388797528263,6757788.896692807
0.5075206335792778,1035028.0468486396,2.209812576658975,4367888.596763563,7.344057253957571,5120900.380991877,7.630594825049197,8488772.911974091
0.4295742490048331,906298.0416232793,1.3719633350848288,3506785.714205212,5.207506166250798,4892873.606603403,4.687644602161497,7279570.906823187
0.6439719992291674,1711915.769435626,2.0565169243443253,4468080.45239662,5.61973483744337,4598203.390890696,6.8597223885059,7383850.772863833
0.695491415634612,1559722.0198107073,2.6571551373339286,5279774.358875527,6.960179375566448,4888302.296107301,6.402386324251301,7796740.457388725
0.6570850429945043,1827643.7031194263,1.65657992941142,4379709.177561851,7.200028270245145,5089137.554187534,6.783187264746651,8262370.321237119
0.911955394657073,2279508.7655883613,2.564234615450055,5443707.425863065,7.454988367386373,5911728.413434666,5.276139674503554,6504958.193728113
0.6264375020382006,1453654.3649901045,2.404475663774348,4734472.1145875305,7.431452563811498,4874803.390984025,9.169745656767565,8291001.130671518
0.9191423730206658,2010224.1608383358,2.1586268259643173,4973883.895420618,6.674642192678302,4218568.778705488,5.174416630909733,6787621.109452771
0.743404599563872,1231963.3455283,3.2371197118713986,4480673.396295708,10.212460299089718,4827285.711686601,8.445151728323,6791554.090713838
0.6178924315428902,1612921.0682757143,2.475118603551437,5647263.057340836,7.7344231213384615,5195082.533395152,5.570329697556773,6655803.279579315
0.7412709490790063,2063342.429820709,1.654791693397682,4430549.352617558,6.652083046828524,4783250.952583395,5.954891973512728,8521307.570572007
0.6742365850021513,1695307.3338769982,1.7839430890905372,4284297.996289574,8.21665993530015,4948465.191776301,6.6804237769423915,7470888.6935113715
0.3907649427171329,920501.0235506136,2.358782257228338,4933100.996576767,5.685779757249464,4494559.042717216,5.71526639164291,7020818.247434345
0.7088723923401046,1629271.203537046,1.8966731905949505,4300707.811598952,8.47808567129618,4422886.118530843,6.143997561056342,7718702.320955887
0.7756217087635993,1503095.9220203757,2.1740090952767916,4077720.688681019,7.661688372732292,4709575.716041196,5.895886757157517,6437021.977368741
1.1348368720088642,2240927.721639704,2.1120849479089183,4471711.955239199,7.89727466482039,4788466.512686031,7.026248425824701,7298160.861794867
0.6237282098582713,1545409.111724775,1.7416142591303432,5071396.760179934,4.487226886093687,5007636.194315681,4.274794625441809,7714429.153803049
0.47704455574494603,1419199.416520032,2.882266155105017,5711729.693005469,9.134030359562544,5350306.517673655,7.541848701782702,7483248.882244418
0.9951432970717009,2338821.9371212404,2.5856779490778568,5286501.150295271,8.814976211437788,4955974.640957869,7.204383842484786,7669734.969296604
0.7318561777024339,1840096.0306347248,2.2767323244488136,5101926.343111373,7.730992854163072,4921749.266954193,5.362729727457734,6624925.607875635
0.45321229829466364,942090.1296193043,1.8078275949594405,3788176.631774779,8.374547542396707,4665367.7641805,7.700838405618904,7761598.067858174
0.6689659742965408,1951726.313936722,1.987095362849499,4633503.2591379015,5.857223702907433,5057824.110042248,6.36553571930004,6629485.329063955
0.9623771037049704,1326499.628608239,3.038191115724535,4796646.732662806,9.172701045330022,4384433.54230971,6.779706810281473,7191248.215886287
0.4531028183077555,1290533.9763329616,1.8006721757183652,4182148.729093078,6.696448993094209,4767436.152411138,8.475939328825428,8947588.284130083
0.6871112718030035,1245376.9297359644,2.5834066871007,4628780.729377283,6.575789713546055,4828579.876203526,7.423185134936749,8092677.313641959
0.7120450736619516,2053480.908465725,1.3376907265678257,4056155.4404848623,6.6500173187495,5359469.675733723,5.921917420286325,7367403.897844173
0.7737079190173145,1826977.3729221215,2.166881338313736,4499868.488582032,9.068684627171127,4497937.467670488,7.758827187775672,7414419.931367229
0.6258541680542821,1512446.9782091258,1.5429748398059018,3668134.688009031,5.822307068621325,4422946.641601489,6.5552082520231165,7635703.414418008
0.5759997881733665,1212735.9901500542,1.9998885215650344,4175411.679383003,8.400379881367051,4923874.718167532,7.498790773107444,7778334.949522022
0.6349477563644084,1137817.297229457,2.0714877898081117,4283312.09784403,6.556964172769561,4392725.688267645,5.577331615310068,7184191.729656212
0.7655396485913902,1509542.17619529,2.4231428127009313,4371921.7113750875,8.891303580261011,4345725.519708592,6.507515166825412,6639849.8864183165
0.8123924126891323,2481142.497193714,2.079024684786896,4856138.239699418,8.06477479333287,5088381.71885648,6.8388450483776655,7553219.421083116
0.4470711006385599,1231603.0923421206,2.86879222956954,5694731.998880197,8.284457087024307,5044001.421915146,5.8015496842753835,6380144.289633218
0.7695238699936371,2373531.598959414,1.845008575465046,4554978.970110314,8.89833258274041,5142187.793665769,7.165290691670031,7671211.142469906
0.5583180031129699,1057842.7146395883,1.7264389314738215,3631420.310836134,7.620400214934223,4954630.713578913,7.106208070723633,7843573.43021823
0.7141594958361313,2265573.6860298584,1.846571001029051,5134487.520346288,7.140318352572702,5239468.449130611,4.361891963700835,5926935.991410301
0.6942807818182004,1850346.2550810603,2.7676950399651585,6041825.554711867,7.134263764287847,5186568.778018489,7.466417211106195,8531271.767963441
0.5074489158397495,1388374.0611818586,2.2686057217615594,5139511.156307201,6.358256178084777,4667931.392659655,6.0388833490847595,7293682.822530623
0.6669569697931302,2092650.5257265791,2.0178154139583158,4961257.81860986,6.727597429588857,5105375.583725914,4.1973615074162005,6399420.836368118
0.7628916805182545,2086424.217518508,2.6647908035829775,5201498.855290256,8.86060089333593,5076074.480578709,7.496886634793061,7709404.770984926
0.6705148927308485,1534865.4014032613,2.3047080661952277,4862615.144321735,7.5814620575806835,4581125.804150503,5.805093152615736,6542289.367892536
0.8162122337972852,1517057.8598369234,1.8197863566090007,3841558.127936495,7.99976567874829,4688596.129242641,6.575154600672149,7389142.352911455
0.6823957831574046,1584203.4585279028,2.6489117615067475,5417112.520297324,8.401527163396558,5049854.086603161,7.118364698189345,8045963.870667381
0.6045234424009284,1208737.5450785682,2.3259168563052595,4570764.421670478,8.010121796968402,4652376.722266303,6.451266483444172,7111270.248436961
0.8478389278931217,2461267.422447103,1.8881432176878201,4005198.245285343,6.900606867358769,4806355.795856474,9.5683228158111,8853765.21241612
0.4771541501346752,1313590.6426385585,1.3608163688453723,3642896.5198845547,6.964344644217485,5190820.558426666,6.3217929758244855,8319160.7915210975
0.8687457739059251,2022838.6662033552,3.1112141968533993,5116963.430542866,7.228541394658619,4715564.199436648,7.269338619927798,6790321.515324776
0.6391820898816531,2435873.257393075,1.348438372128168,4472567.965420074,6.821775269569266,4792422.689757882,5.95716253295052,8323602.483324302
0.6568457285333887,2095470.378138632,1.7285677169291156,4454520.784020907,6.184705403835866,5348029.648697441,4.955161922255436,7341779.697830761
0.8206003058050407,1957820.917076822,2.6013261594990866,4884920.351285231,6.19427654061038,4579950.468818478,7.199121597228698,8024904.1043983055
0.8029770288218356,1320184.8677451687,2.2388225942501023,4136119.2714337283,7.601355451938651,4407268.444213081,5.705862290785832,6508075.482675406
0.7611775592298609,1701405.8155484048,1.6060863150975155,4380704.155634864,5.739666148996553,5094460.182717369,4.744142947007904,7226577.728882576
0.764348722196965,1474265.0416767048,2.135993909338247,3917501.081713848,8.16806500869111,4728718.589535081,7.875834360280363,8141686.959133448
0.5896229530035745,949929.8938319164,1.99096941069181,3841711.150255943,5.741338673734455,3979821.8640417513,5.973477358806554,6175723.882149843
0.570886533512771,1184844.3632964408,1.4649387224607051,3529158.2151679583,6.8404834234099186,4963034.588652123,5.229053618271852,6956493.982420951
0.8162369514326676,1449086.5473043607,2.019784292315247,3977083.6707157474,8.181198192778242,4620602.793914957,6.866347288487004,7848124.83379947
0.4927190573956485,1318347.4168219783,1.4935135804173088,3916363.827930337,6.986354296980179,4937580.605189051,5.608595248818603,8178000.861145143
0.7152554656838602,1594500.754188612,2.161857876933161,4547115.7730555665,7.500618004969122,4832001.88408439,5.682870915676824,6653044.07221397
0.510438987908235,1077715.876339232,2.2850035248451324,3988432.335682737,10.454470559932286,5057263.4953918755,10.271264903797016,8839406.569023803
0.5973017592472871,1914243.2771318676,2.100089606654275,5585085.936407347,7.797349229647945,4454769.9908131845,6.553197994460302,8169377.42082322
0.6131421404362506,1875436.1298681581,3.589332075116349,6465425.542441417,8.455500161546565,4966781.362043176,6.553950319881796,7451647.001301088
0.3082716436577908,638477.6678607913,2.823901796316946,4711204.725128632,8.564251912427194,4380822.271120112,7.497161199995808,7881021.687821384
0.6203874481398857,1770747.1612031134,2.484842025723601,4986481.230727142,8.659972245868524,4666528.294814108,6.3230744308169005,6713834.439382581
0.7675227775393041,1400598.236765564,2.3413789589881575,4159833.347324648,9.61632842704197,4361041.939148975,8.70119126364009,7577671.616240922
0.6014657236120432,1231341.8497005966,1.8740620175849887,4255629.125235338,7.080152659449304,4478649.668767766,5.705612372733922,6931528.185594001
0.8318933959413272,1238053.1905289688,2.385147387386171,4846920.556166327,7.21116118828137,4950442.271763125,6.072565056114021,8389803.120039713
0.7614660145775997,1313305.8521951823,2.3981509994728074,5140541.409608651,6.436249264131424,4916589.367361157,6.156167936819764,8149027.049688844
0.5022539907152437,1404356.1466085399,1.6299115332235203,3991666.205112305,6.210913595920763,5160360.8715297,5.783424072731333,7407725.400945642
0.4231298470954768,773142.2457236398,2.575046168842964,5020772.47869196,6.296443119665128,4351122.338930565,6.068788570031689,7163073.434486553
0.5139908358742975,1523628.381303666,1.674361242600645,4364153.6703486405,7.132893967053927,4473190.938735717,5.634908290035168,7229342.6532894345
0.5808564424158948,1381997.7221786936,1.6933387739393053,3765381.7331917635,9.060740065526206,5058417.622838061,8.22738987445951,7926914.405594374
0.34502564921341095,976585.337866264,2.542888706101397,5473024.601132289,7.2604442335373625,4698822.643604692,6.505712160469731,7794775.833865808
0.6994686485525725,1524114.2222429633,2.0305319913196658,4864814.875377698,5.714390739655768,4994986.023053282,5.930222841142094,8370699.762000652
0.6909340794996864,1672443.6135872572,1.9918609157473444,4687344.946296167,5.4082324821959,4461039.097147315,5.528066034293842,6545579.69916101
0.6445445708342696,1414297.9369707045,1.7859936329553439,4301820.98439017,6.575738755577834,4656891.156919144,6.273131905634727,7492197.9718662985
0.47369799310260446,1139804.7026328724,1.5831436542440964,3612802.9134930167,6.188026981957913,4480450.101520568,6.633231670158226,7194013.0553189255
0.5471206913337827,1084176.5273833857,2.576623160126302,4652271.4254202135,8.24934975920741,4652428.967583336,6.920767142071956,7393392.880339612
0.9650521324189876,2273455.411470265,1.925057638964854,4263243.9752675025,7.688526568270315,5005599.735185299,6.2399880004912305,7276974.423433023
0.4508086172138198,999031.1858648459,1.708950997106264,3795529.7785794204,9.640390374794546,4567562.167861445,7.227506482492558,7279416.837582528
0.9232280515866083,2163873.638509686,2.8976858769295775,5324517.517787004,8.834272543645627,4960126.036008776,7.5057686341098515,7417597.9988187775
0.789731895806184,1689873.7740818136,1.3060669228526112,3764436.13386421,2.490922103661211,4038576.434618584,3.803517053134583,7455969.823354291
0.7717913073570251,1827860.8879755288,1.7889705894633943,4142552.0240790746,7.733780088898631,4874270.784233546,6.212729339865574,7685019.791405486
0.6654453843004126,1720956.395671289,1.462291239187865,3870604.4763974342,7.169022248862128,4992475.745755259,5.117584743067552,6599001.030296884
0.9080575738239042,2810608.2860259097,2.607213700926922,6201377.1448316565,8.222449614048868,5203128.231842857,6.208265127340077,7885063.797966361
0.7117103756775363,1412851.315853199,2.1247740250969476,4368137.990837358,8.000691131555817,4624566.004009936,7.293486496731102,8009583.303383291
0.717753692236948,1600003.731451513,2.167133566577813,4835097.354684177,6.0944478179075245,4370282.491532506,5.69441754569505,7432763.896582701
0.4717018544441954,1112381.4141765537,1.819013841866605,4058024.7500505554,7.230981878030568,4149948.36887935,6.980918944397406,7213173.463325729
0.5211561736547546,1528226.5798038032,1.3353891655488925,3770018.6554349884,5.932134363605354,4559716.822186634,4.8560940300630655,7566767.91261373
0.5816329868111622,1399536.90167216,1.8924785559159365,4326606.798670978,7.899316077979454,5060565.109029602,6.249317590616707,7169738.971621389
0.7683803344547989,1501224.9663259834,1.7567995826457201,3886439.9586326126,7.27134660347194,4709823.315360107,4.966323855576704,6374273.239856337
0.7620617328400555,1655003.471541969,1.9100783713708052,3873191.1610512636,8.154298957887509,4637603.395997118,6.638251912661282,6650821.726559789
0.8237868146550094,1896081.7781599471,1.89642558804306,4944377.90853243,6.117087423812424,4955653.835348697,3.777836874928669,5759484.496182865
0.6635992703391427,1099252.7199634558,2.201633642574603,3693421.027970004,7.094301193898182,4357062.370084354,6.745664461827246,6880599.919179733
0.740961568329339,1455805.3336811075,2.2462519895122615,4487509.460129228,7.982926341836684,4817203.312890894,5.081984049391478,5965831.806663212
0.9992746149156984,2510656.0080259587,2.5357585323134693,5169362.448794724,6.001035937700026,4899708.285271575,6.99191588843861,8289977.107340459
0.47343302790421643,1101739.8094637482,2.094874680013572,4666236.485994756,6.492756626553277,5069041.543827443,5.974815586928873,8056629.909529712
0.6263311625522472,1248144.6603496575,1.9961463985350423,4015350.8724085293,8.217594626349463,5038722.906658699,5.402272459108472,5961523.816964156
0.6546316632532209,1297857.3699521902,2.7789217396179358,5331660.8631512,8.126104505337032,4883289.206688616,6.505787220402391,7524285.276257841
0.5744212112330163,1336692.9274434897,2.832695676239277,5253371.672717685,9.132520415803768,4711185.868961151,7.1531132682060035,7349659.080740574
0.7943105123342501,1680476.39555056,1.7074768165374843,4074453.8336629844,7.770561015188542,4769045.899344018,5.713189069190662,6838645.368851802
0.9088494963796495,1618233.1992927967,2.085143984199795,4185085.965460096,7.132095614252496,4565098.400326323,5.7234808124669065,6687188.412622289
0.7125956742053322,1315184.287902894,2.5088483129234094,5118749.930471377,7.938402208156791,4890067.95468035,6.343174573851992,7470772.614286209
0.7567346934421815,1829743.2497441627,1.395865541602621,3865082.2880359665,5.731782331726429,4795637.723650576,4.6410766608279985,7362666.028813593
0.6479014188517174,1798801.3058907462,1.8193862925115,4833474.59524386,6.261296051549063,5170977.504594489,6.581145915985311,8471400.047980633
0.5956276717103334,1964762.7872619533,1.6962517554493433,4390303.453912766,7.611040956067061,5013276.542053301,6.867211121126482,7290961.070863537
0.9001298945523301,1803427.7465835288,2.3512620888609104,4895483.600161479,8.143013809960017,4289257.42705159,6.670068217246605,7801039.21253005
0.6070522544800281,1307914.2920561703,2.9893989472198577,5376500.547062353,5.695532044410747,4471913.650490775,5.578129382210907,6433116.673953675
0.6187520043257011,1443218.9675280997,1.5039621943012822,3775284.9566093576,6.961945643097631,4728901.6881738715,6.755421454396199,8295999.68277512
0.5879526359889657,1509220.9306744905,2.078009932002366,4654995.371257303,7.661656437765341,5137601.535584665,7.079078110157243,7793280.976724235
0.5354585186928407,1755993.7246860578,2.11452022578731,5316613.6493445,7.601589496042316,4906634.8267995175,6.103462982834528,8222949.405986996
0.572590128067454,1209272.35656981,1.9391575665111727,4466543.814494817,7.446439928349662,4577647.848804818,6.519521672647665,7526756.232168145
0.6368764664621226,1971378.0818054837,1.3862018430043943,3777800.2137907827,7.142166539407711,5334878.761505705,6.3239319610031535,8234970.196088682
0.4940917713679134,1141397.0934263282,1.8323027151404514,3670684.02522281,8.927374590961858,4813275.992203455,7.8162224339178135,7488170.602983743
0.6088461678733283,1145411.2667174954,3.3436412419427692,5633084.6275806185,6.306763215412357,4539299.156043792,6.544883391974782,7378659.66947777
0.4506932609855856,994567.997051292,1.9275899409234887,4564269.770118382,6.02522152665581,4764459.747579308,5.4889221371332475,7571380.697574235
0.6295897758805912,1883112.6951156238,1.777666187391826,4626294.726618825,5.089842534530014,5112306.024753874,6.529842945005253,8351606.967992376
0.843905496060822,2388220.7958867964,2.2886416725013943,5407450.198868886,7.772566808684463,4806504.232094167,5.44494478679252,7043816.2270109
0.5131484926173415,1602357.586386182,2.3385002338565712,5154660.656990804,8.220517107749806,5075133.711396333,6.0655633023419595,6855831.705969302
0.6786317733656445,2178253.004177212,2.4830990101342314,5905197.971392497,6.825185485038358,5063608.164699616,6.235845272213226,7650880.10342918
0.5406760749733475,1267892.8927503102,2.331009022170314,4612949.115740491,8.95565276689902,5072502.897190224,6.37631141588635,6209146.423761789
0.7549463879624642,1804762.7045325562,2.131952208986169,4937739.735799278,7.701976576869384,4822313.7126172595,7.3827188047151155,7953210.6653388655
0.7810726199752328,2132400.4317435045,2.427929448893488,5251857.424174294,7.200607720417675,5634319.069831442,6.746919922347107,8256279.872328792
0.6065080955541216,1171933.2599613918,2.9726120984534243,5776250.669304392,6.692578873183534,4315566.423757899,5.860298998136351,7142922.596117663
0.8251815057066889,1980955.4241195065,2.06316433651468,4336387.007685432,8.51239670373999,4701860.532265834,7.334114803699519,7681410.066507716
1.0878688561967425,2734416.334113985,1.7799632661751528,4671409.7870062245,6.59200539898636,4179671.920357879,5.832569203072312,7855339.426097732
0.8750266381298605,2415474.6053643394,1.927165125825754,5287771.892040664,7.50614555112639,4537927.05414031,6.205554591358416,7949819.6164172655
0.6343777088996909,1417851.61453526,2.0530806572444047,3962466.8898662794,8.665942170508428,4644495.556974066,6.3724538926653675,6412777.081199835
0.6112164345499863,1257312.3088055344,2.091729081773945,4202995.605991148,7.064660494192027,4880593.816244195,6.263084796070719,7674127.97201898
0.4604162289845063,1065957.6647901712,4.437677357712801,6488171.090868909,7.149406789273316,4266556.98460152,8.072646424230806,7245174.1007949645
0.796837169636341,1070924.562551657,2.8528086241864115,5049514.532783943,6.486184267764341,4313665.879459634,6.281753787260601,7588735.937764178
0.6278627014197675,1797215.987511727,2.3206356070045095,4982236.061504747,8.635389349692804,4914697.425783308,7.069054132228009,7593472.901067129
0.5650911181300903,1054902.451055344,2.4305049503208,4824211.979583837,6.743231746013622,4428376.880002444,6.56271808527432,7903987.374872231
0.5972192787158233,1636638.262725045,2.0247771621341415,4496998.682153436,7.623742603628407,4729937.782220507,8.055917815407689,8646364.124192001
0.8321386431166979,2301484.857034171,2.184005909081276,5300633.295938863,5.719233810814286,4719008.6603041645,5.46456117155576,7259247.0343620805
0.837212847667457,1819413.7121881603,1.9458511097041737,3912382.9233976845,8.8931853858595,4731748.965938094,8.217852218556247,8462207.35131032
0.5495349062558926,1240535.1042146997,1.98411642102956,4272603.4507842045,8.02261679437021,4912445.665246177,6.997768145946937,7988666.759690083
0.5160750906891283,1145805.561506136,2.5525579686423003,5483993.7774043195,5.250877682681702,4523614.23656303,4.055496123694736,5620276.7486403305
0.507015827094571,1346837.4906311212,2.576179709192686,5194209.662835812,8.950247190007012,5331799.734501684,8.11044879098138,8751704.063661233
0.7222449841669233,1896524.1625537255,1.708781477683738,4530129.967472926,7.003297214691468,5117221.552295862,6.424844026916424,7791661.792558504
0.8531808086033403,2242814.1579379635,1.7475058269861847,4451757.623041223,5.331540524837904,5042459.0818150425,5.725931844884707,7714642.875925172
0.6397021374225395,1932281.4900957707,2.2102909197539957,5249661.50322567,8.385592042525175,4868654.299390007,6.586352127825512,7879803.998994555
0.9016651523409543,1458655.4537246644,1.7800509248937633,3918203.8454995453,6.306317707371622,4552511.067352119,4.844465908265594,6305953.759616185
0.5443822991533825,1184398.430714756,2.064448078585017,4558865.006007221,6.6014148820236285,4514433.020417661,5.938635728349435,7293902.707913642
0.43426691186058947,1466100.4699881263,2.1130913756713383,4832209.69369654,7.541066213850925,4767605.385880639,6.914729014257125,7880728.801230795
0.5497125027246977,1010015.657237845,1.496959932078048,3614738.4314244147,5.675141429320849,4021251.101761208,5.7865316709279115,7901630.523759804
0.6920037668847165,1643199.3361557315,1.7438296347198596,4611932.978449406,5.459859752142911,4772459.093631202,4.183546411684796,7168103.845519636
0.6567006229206334,1422180.9249952051,2.9178266053919213,5208267.53057298,7.998873076498591,4998818.383605166,7.687189698216268,7635009.343878294
0.5851158483083478,1623448.4130871794,1.7634079888021295,4303468.302452955,6.63806384864008,4700967.73779385,6.311222811349369,7700853.514160237
0.44311900546947935,910906.1835318286,1.6810862911823594,3836307.9351327885,5.699991001371346,4640591.450199109,5.840041007518549,6696572.442368736
0.7028337987012192,1285548.8146763672,2.2962777718964866,4652154.921478898,7.390309563035462,4645655.403069391,6.347178736297058,7359959.1568886405
0.5227514468573913,820962.1861479132,1.875695630819658,3688176.901039225,6.604291771000041,4327961.558004092,6.67060418858689,7281066.441054244
0.9599879379255079,1914176.5300241522,2.2328024115521403,4421874.463687462,8.192764668647222,4574948.1698292205,6.572239790629465,7232981.101346213
0.4508087625390929,922857.1954190016,1.908060166345835,4162763.631101591,7.835841965414064,5079859.114385405,7.078799451785038,8032879.604124374
0.6199572320940887,1393673.3859526606,2.152531430335393,4602543.611582437,7.1721113489503,4929011.341126483,5.892448725357363,6827095.451334227
0.7796541372008057,1824514.2488915734,1.9445451046823794,5053880.20823207,6.198284361086518,4480114.185182766,5.470154308099541,7592381.2666383125
0.6633854240177735,1795152.253136392,3.4004775457196104,6270973.310103251,5.09140679533571,5075429.70802686,6.173266521759403,7615321.35587926
0.4690321515876208,1022766.7822166692,2.369401267840738,4574957.6701550735,6.409522448327528,4728739.053215287,4.758243782111961,5976071.293242881
0.7427367328970912,1533200.8417651025,1.7762143573792522,4054630.6647047964,6.411702894033358,4303230.100274356,6.401596414125723,6937042.038395348
0.7839549152635487,2420767.5686562075,1.8057178632181525,4812992.255764915,7.1935776555413655,5247170.436295091,7.407181343565396,8548044.882610735
0.6863872777751268,1396895.7736658195,1.903499421399677,4345408.427566454,6.262035843824619,4661179.187942181,5.655317247681548,7874158.762733592
0.6729195235834778,1060135.6944594218,1.8238885275251588,3931311.86198697,6.380004857959372,4539718.544874616,4.468938930994619,5870923.030222877
0.648069520788277,1471210.470340035,2.7915997339485243,5449270.288559656,6.609637712023918,4976192.663743685,6.005225150410074,7113718.120099869
0.6529410134784999,1349748.1053325022,2.0861601903572895,4122337.9794179616,7.342357570634197,4469691.851064159,6.524074591421854,7379889.063798849
0.7053067786615553,1311180.2912809716,3.0897614486354734,5283009.414809879,7.914332739079193,4935825.73611032,7.841553331060648,8247167.566762578
0.6391780984743827,1349707.1775123933,2.1066580516914057,4269436.523474608,7.821889297173538,4660384.626845253,6.556876308556098,7581231.3956032675
0.7023288207177111,1937737.475870985,2.3574613563811515,5902773.649129711,6.7267247497513925,4766452.594960913,4.863255167574597,7129543.66984737
0.9847929679069524,3053618.621304102,2.1217703366461347,5431633.689512372,8.177688509776104,5030813.131115281,7.64296773804248,8477964.832179084
0.5918096223367283,1452881.1716105188,1.7667815688190582,4186461.634085404,7.135765238082781,5166379.8494083965,6.442061405128746,8310187.336422889
0.4826887303523459,1267797.236272655,1.467646784465653,3926764.187960908,6.27683987135386,4946723.558088548,5.0003081335894475,7185110.039660045
0.3088449763828527,904471.6039671934,3.002103349247749,5631090.021399132,7.210937972130427,4711088.829961446,6.376854829740265,7740394.664320671
0.3926282126017356,1159435.1948855252,1.8549711629403258,4758518.461581489,8.093679423069212,5023265.178408433,6.641754225160522,7951003.701316689
0.9650853782040182,2285315.9003334697,1.9125697648364348,3676213.299651401,10.025899738138232,4842428.055128865,8.613573265762572,7916442.134339929
0.5401198015997342,1236747.1536155632,2.905491268170392,6873057.25611795,5.562950037058157,5008336.878683839,4.517068924643279,6469443.445343922
0.8005893771828462,1349662.1210671235,2.970082508806679,4543999.141137825,7.854807150501369,4871555.225893471,8.522064407982853,7949725.684384697
0.8118506298168827,1650722.0400245937,1.7009023078809058,4054769.8304164633,7.1850569101429125,4595892.579343438,5.946111752658829,6811723.055121883
0.7845947318978447,1804183.3883248311,2.1242031076062116,5116294.153057051,6.6795367179264025,5096799.065113567,5.619274031467166,7347286.599334146
0.7615833490453635,1770788.2961374642,2.51112773052015,4696776.004022604,7.702329324976115,4671159.350759845,6.880300493112956,7173917.51919974
0.5775204149688614,1732942.1502149438,2.6991414220585224,5443188.569795784,10.089550261450341,5067013.928091996,8.408705580096388,7982974.624720369
0.5744237537539396,1867827.168108177,1.623667710198735,4485880.824680444,6.529680528588901,5072901.457876437,6.482104036720976,7945310.711091233
0.5436896891193016,1468918.234285281,2.319682612329623,5103008.010491642,7.930191991476763,5332370.364811272,5.923570396531335,7170454.874523029
0.8511572565294017,2708501.5184131344,1.8103700580168716,5409335.556046082,5.649070011587865,4770554.116721204,5.309418485600624,7747798.959842392
0.7185360385453339,1709549.8279100782,2.0277229260004614,4409262.764128284,7.315429585233527,4748254.729128367,6.5060971221241335,7372713.826185006
0.4512985369438073,1383764.03549638,2.5568525828399045,5003214.210759683,8.073747758533814,5109759.264120521,7.095134583129626,7175950.475449368
0.39186251583179366,1479029.8497154305,2.2171637528100785,4805405.693136423,10.003792774675095,5440513.66696729,9.009806658664452,8662736.034553412
0.5190711131095003,1345075.5917394778,2.109759520344941,5134848.0477123335,5.321161703008095,4978948.205221702,5.0383456689309085,8788894.973396938
0.7441578150827396,1185285.5904592837,1.2810623355675794,3076232.4953502533,5.780581026871164,4492467.828593039,5.472240524546744,8001685.04406724
0.5921002048912708,1740029.7005423894,2.345059387664943,5038662.534679995,7.909834786959907,4849623.348465153,6.617489267258375,7751883.619644125
0.9185793870415245,2866388.3808452594,3.0965625951202913,5797034.530273596,10.42431137032035,5379526.685164656,9.365078447756352,7933738.5984447645
0.7465473980646301,1055408.7748722548,2.5020940128718605,4811378.637058544,6.8577108070780195,4880767.787730951,6.127803316711583,8022574.542377747
0.5234390792049962,1434758.0137337954,2.2087234653939394,4593572.531665665,7.375530633484869,4434699.686328888,5.84753851355955,7065212.692190192
1.0124815219047807,2512683.944004004,2.9602767516450523,5666253.858582392,7.6645346337932825,4956094.422176347,7.277761224156304,7744209.664440986
0.994297525994361,2464111.069474538,1.8312403891499547,4069876.922713002,8.514879272592557,4779984.131271662,7.683966781179988,7497218.75118864
0.7489815311757231,1977014.8957469708,1.6103849820050133,4034281.391621434,7.175994759230232,4875331.104137356,6.347226453942131,7505337.566724206
0.457973128615571,1068277.986305267,1.7787402909386796,4141743.5896309987,7.068057687805481,4850100.451710158,6.526062672361536,8087775.955578964
1.002083799229872,2396749.8732834077,2.3260233497898697,4940750.865456648,8.373197807140606,5074117.20093959,8.060920837725641,8005923.21781297
0.6735161598487619,1625607.7717493551,1.5528596488774085,4187457.307456537,7.755129134822155,4700927.401405766,5.565685347441092,7300310.745451776
0.9271726790693222,2598807.7837219597,2.118269048656165,5394789.495191373,6.475687830705063,5106347.087194942,6.13730858674446,8376291.114865184
0.931895761992003,2285381.016657102,2.0043571465817394,5069509.824067034,5.726174066934903,5112086.219589717,5.2707259640902855,7972572.089096708
0.5085155125368884,1720683.5709027676,1.957372992114382,4526342.647269032,7.74759603877015,5008329.280391627,7.367109591227471,8895596.973256838
0.5799597842394151,1320844.4354898867,2.734626422723889,4900641.191637252,7.310745552892172,4821870.068302998,7.225422729718836,8124560.553637888
0.7257896275672615,1617208.401380637,2.8771133770069195,5022710.430496941,9.855185189690255,4755524.853233208,8.104317847696699,7725797.68337534
0.3960015564451756,1362439.0502074861,2.5686729581624683,5385802.037495941,8.143481409485469,4912408.806187889,8.224465346704914,8577196.124164948
0.7052168126741203,1829494.2195784561,1.7572082799122757,4255592.215340569,8.310854913576364,4751854.234802654,7.254745845667811,7477951.128542248
0.47157925219655866,1354703.2903397204,1.8749212484065048,4681731.6204450885,5.725576838711766,4227095.738960726,5.947398136411403,7872736.312505495
0.45624859070360674,972365.7468960161,2.0768259575379804,4024568.4842430023,7.4581966849562304,4314389.699923485,6.897469158840055,7031673.453816262
0.7365137489991047,1513057.5367617598,1.827801415420947,4134345.717222265,5.7060714429339905,4653533.682190385,6.344874361328097,7590652.899435459
0.7574576027191463,1295334.066185359,2.6204487759385007,4431645.659212235,7.948575347407239,4336903.078919191,7.3282589054038425,6915130.936199171
0.49316964689581166,1445989.4388638036,2.227128688241826,5206099.561982946,7.223927284183089,4903664.365607866,6.787071268490603,8260814.204163315
0.7460779132423239,2148427.0488945222,2.8366208297159714,5612061.908482398,9.285290591802351,4790437.428091056,6.242528325630734,6802034.123697779
0.6495060841893976,1156907.7770728092,3.386694378302754,5216451.524059017,9.456740083755584,4928807.235280614,7.933691257362804,8173044.085278059
0.4878348415717929,1592495.2214485016,1.5767375838470867,4360581.362225098,7.6941507644131315,5254038.7983386805,6.0751233419933515,7490480.992839068
0.7192756649554651,1433490.4177439625,2.4948533572589175,4440627.066917468,7.664549209274518,5014102.50425104,7.785270942227966,7088711.281173514
0.638004473333822,1475907.5579903624,1.3878880013936112,3974782.7026292477,5.269557103305671,5007269.767423941,4.464184363965378,7662192.065654377
0.9336453267941237,2589658.751638701,1.5933656817081523,4515262.092486164,6.376147507955044,4857168.738624308,4.689109227941781,7199425.720615828
0.5692822788530987,1737952.7153503243,2.333294467810641,4937970.145897469,7.517768093965744,5243224.816682235,5.3373519036928645,6245527.30687475
0.7403355042563058,1638499.6616147105,2.049080576781099,4437133.560144089,5.91867654498939,4143857.4595238524,6.17541816800128,7713632.289405806
0.7315313899620283,1833296.1359641904,1.7511301507775598,4510938.00787802,7.2706347397744935,5122376.5903926715,6.573981740316629,7717176.030963898
0.7682956209119266,1728191.8664263391,2.370298566411984,4601342.33819904,7.89703117156434,4875671.253468367,7.628502400047489,7636621.202215006
0.5573044812080787,1385974.2795985932,2.3670171870018986,4631150.149246838,5.976669240892558,3912024.799600659,7.518922900893525,7205657.158492052
0.5237778735917648,1089849.8249823367,2.4124186375052314,4435883.2911700625,7.11477458994133,4704965.111909244,7.293666696842733,8459001.794409737
0.5136010115041967,1219025.9501467582,1.2175832361085874,2926652.4210001566,8.568244642328267,4438778.514722901,6.395250510214921,6556377.943415286
0.5008138039490626,1439366.7487307927,1.6074535528282474,4584211.684413667,5.084740963922615,5081772.836781216,4.221360664938064,7076851.235700004
0.5733609870748423,1376329.325949482,2.354564818191393,4856820.394460543,8.321386195300335,4698170.414076178,7.196215897162649,7974617.837810135
0.7549150949812957,2421399.422756772,2.345191822453716,5108381.386657181,8.932662147460592,5464709.886758949,7.388863352882997,7933122.552107871
0.4325852395822615,1293695.4791819346,3.0683006252700302,5927987.321773927,9.385858142599881,4694171.952105827,7.155202163149427,7186449.377106709
1.0254010773540718,2412352.0770277837,2.527312680409203,5396810.166758743,6.229772971678412,4975096.614990447,5.328403287072215,6306968.370330144
0.5833821626511992,1484062.8783421603,2.0028292911270813,4398874.79177303,8.442377956389713,4713625.778042201,6.681877698842884,6702190.524716359
0.6481220855685672,1957800.9704635686,1.475584637003745,4413895.214646036,6.98554494127293,4642968.7685384005,6.387780352335941,7612992.225426816
0.7573043156381604,1673706.7163742287,2.4337944525463517,4437522.892222312,6.623838856642827,4315684.181226153,6.01120889486122,6478210.821569589
0.9217980286029098,2943888.12258079,2.5283873701417203,6440249.272771346,7.364395661116628,5136500.39563341,6.37662516439175,8208573.903760846
0.8765390927113459,1949003.3544497772,2.4436113485785986,4780889.704178355,8.57159713214837,4818313.700810363,6.340769498791266,6803088.427197855
0.7329432709755435,1846633.9959549392,1.5116754405469157,4400178.38476612,5.051736336027953,4679434.657635214,4.880328204565387,7834416.593210868
0.6710279873139688,1642777.8807286527,1.8198564560777666,4508791.689407618,6.200598577771261,4979754.431157665,5.853106141525627,8040152.842864649
0.5493254913174243,2497662.119758701,2.3559041598706516,5370411.21051927,5.36448908351066,4548598.285573492,8.181607783131502,8224028.3180489885
0.4842303735767304,1204061.3233965314,1.5938360384751005,4284743.029951866,6.1288538330877635,4709040.919934276,5.858941407642236,7722334.0068632625
0.49437538888122695,884074.5396147899,3.0623203973155335,5248256.922477332,7.939926646892483,5068186.191651564,6.52363745624009,7073662.057284754
0.6453595870018441,1773731.2917178469,2.2009027526457063,5069420.349756335,5.487046031472456,5052576.505838509,5.8189316784085765,7800238.572023819
0.7522885855924225,2067108.7940202302,2.365177523370576,5776740.85314678,5.624357980255346,4914614.446414624,5.806901679045402,8154572.171879907
0.4575836224222858,1145126.0675056595,1.8141380399065656,4126638.3123658355,8.144641797232309,4685382.685392083,7.618029702979279,7610445.949635663
0.4782840621540712,1166827.996546897,1.2601983066608708,3443695.935823828,5.311540627383951,4534344.081417399,4.752793010440339,6829439.61053846
0.4960593336960296,1295928.1955005778,2.4812178542189445,4538098.398454161,8.555575624326416,4875754.209470406,7.877986116069794,7087654.805500481
0.550523239280727,1769792.863330378,2.564187878205864,5156958.924047201,8.71985065037718,5312487.370273348,7.670828481070547,9008718.563551228
0.5041311792107485,1267230.9591618062,2.105759731958657,4306604.825361107,8.781851191204224,4898736.137645906,7.140040581868923,7198314.403645144
0.5178022243365336,1604667.5576863044,1.8551401368199985,4283860.161430096,8.638795946238073,4677401.658425411,7.486094467306661,7918529.913502521
0.4503075929270843,933389.1797729137,1.2404800644215332,3340859.9761012415,5.868942403612782,4852963.454044541,5.597140908183003,7272695.728773531
0.5882389649281057,2058775.5793177565,1.7821771262144592,4732088.661570657,7.486675237278003,5812970.527477345,5.024553980759764,5864225.564780894
0.4533389210627945,835329.8861765274,1.9817404848559934,3848638.8249176643,7.137136741598557,4668024.093604494,6.835390461154353,7758785.749864651
0.4915620288174884,979303.1005521105,2.152498887888707,4347303.938894743,8.232529354076432,4625952.566441123,6.764815791502566,7399335.163002313
0.9606255504482178,1723684.4974856281,1.8873274034367498,3790975.4287537835,7.687222377357328,4865632.943839762,6.651866519648273,7423636.249812764
0.7037334729659228,1671039.477718345,1.4304688191193877,3721495.9305278193,7.3639012233630545,4902807.874670518,6.78862163880353,7882045.07649228
0.7048028805979246,2329547.0027073505,1.880046138008512,5559681.650235114,6.153784742691394,5188637.419686408,6.679061279348527,8554392.637308827
0.7088585834020216,2422579.3725392483,1.9712158502115054,5454908.501361046,5.945895368129369,5431886.621602483,4.884848739353887,7399165.914899168
0.6136694962325705,1234305.822153884,2.1686896606842048,4407447.848899373,7.55796172642302,4979563.05457003,6.432525704240408,8251630.941469789
0.7152318901906568,2111956.4739460745,1.7219190628639334,5109050.954320714,4.175916496418342,4473604.32336062,6.2310031717237315,7445444.1382299205
0.9398690692466298,1382559.5353651515,2.0952152578365153,3665805.4170949827,4.404651360825223,3864952.5405853,6.0344880995589,5832430.059534953
0.5372691574629442,1579402.9541021092,1.7727752875634462,4810835.087386052,7.624006277358841,5171078.818532452,5.237098792533016,7741896.058790281
1.0876923639200822,1710970.7650090533,2.636980326905886,4527308.268910633,6.75519814787205,4366251.285998005,7.845149556901465,7787183.043126781
0.7980866608805554,1874461.9567579026,1.8973384694434199,4166009.7418049583,8.560848248327211,4961016.432262002,7.951791740144141,8117166.675009113
1.1171695847578116,2424399.101554663,2.3590738003601235,4994758.709953635,8.158744012691233,4952645.2315823315,7.092071410662464,7598947.267828873
0.8857786974762885,2718173.2260951838,1.778890400365417,4849655.240874432,8.36423624496394,5585734.65781092,8.532669922562548,8152591.136780788
1.0549986990856461,3697249.038334253,2.550394562758614,7277648.626461741,7.401434730980264,4986808.00227632,5.705385540642921,7498633.638665075
0.977404035366379,3136074.4881152413,1.7896620322857133,5565588.916613725,6.549731709137682,5277485.933207184,5.733564834378693,8822017.446382985
0.7093082820453656,1915058.1763938698,2.0789102018047783,5036288.587418828,7.433637013684203,5209257.3723495,5.792543267257986,7140354.089558416
0.7464627870018545,1245548.5271186426,2.1738930785353827,3920996.2717808303,10.311297663864552,4577967.931676111,7.823923356504649,7589027.277937371
0.39833348797919776,1254747.7530992331,1.3786084594035928,3970974.7338100034,6.760016444388975,4835862.017253279,5.965946646069758,7825387.436535107
0.5943308578455503,1488286.0129202134,2.2676002839053937,4562274.019155358,9.471631402016895,5186281.4849262405,8.657843192751596,9129648.763280595
0.854269682642662,1920627.3044315374,2.452681767801155,4979847.376475205,7.584954983105117,5137994.051880638,6.141590170407365,7142171.877434002
0.7240717048220523,875536.7353742201,2.4299001186032125,3537425.172144168,10.653032726519406,5016147.141714882,10.224948634715428,8378163.52676009
0.6033392924832479,2111129.0378538645,1.514326418505588,4513556.166568774,6.332251456016394,4806989.323911149,5.284123316010571,7788576.518392131
0.8195229646441261,2371553.336741796,2.4816038247133765,4934476.054861428,8.34931811261088,5306298.734004449,7.777116940970455,8085459.006545648
0.8631052862823796,1735722.2198888427,2.69397990813804,5072750.7791783735,7.435619818704295,5199093.985306206,6.832934321863633,7632818.546441267
0.6923508157585718,2026739.6733994351,2.948688383374005,6478617.461342773,6.660297529184318,5181858.307090064,5.955525159321126,7869182.079157459
0.8786413270175051,2491029.7459941786,2.055011274870029,5096986.456936477,7.617691103514899,5030325.574443612,5.738959096449095,7533054.148269947
0.6179184100807937,1592486.4021817183,1.6499799642444632,4360213.323598696,6.694802523559797,5219454.236298281,4.59869294388734,6474485.823778601
0.674435396435565,1336254.9092799057,2.0527893228414937,3997543.2551318905,7.422655698683998,4492820.418699462,6.870176578745529,7781287.308469466
0.5099258847671568,1610219.6189242778,1.9518898974908592,4975621.9964584075,6.526571962537329,4953521.593404876,6.908661993200013,8355749.278624296
0.9429997051451028,1488185.306315696,2.410114361406092,4643849.363810871,5.514204705025069,4939243.375360028,6.2184787088161935,7984451.848497363
0.6500308938918994,1469018.7961152336,1.4706851192269301,4206218.297098729,4.957675659675347,4417897.569772768,3.9186532853101372,7293945.558088493
0.6007445230211914,1028033.3638903341,2.834780335188943,4628362.688124005,8.622395374946281,4582285.091304026,8.201599979941516,7761176.297374161
0.8969574389105561,2248872.8933690763,2.74465687718787,5435340.532414223,8.293919808507926,5126815.6917641945,6.131512997879232,6725867.511010884
0.7522099663679507,1322795.199389582,1.935614215903645,3833767.7021676474,6.924248932901543,4497642.608682204,7.309689094272575,8312116.808645123
0.4610607463875357,1055124.721605026,1.6532393218279637,3957114.773113655,5.452057089542775,4252009.5171679435,5.3283931619342475,5900792.237432602
0.8210257143723778,2026286.8638258204,2.087999582155367,5046916.039154132,6.011559414567432,5458510.583199045,4.406514291098438,6425047.084748158
0.6683238095869048,1849822.2609417646,2.115974388721263,4856489.780032975,3.660994330263753,4512226.625096765,7.215525717970365,7463574.472056387
0.7792582973352311,1600386.0653521132,3.5855041484252976,5876404.653539043,8.472452571487985,4866674.160563498,7.0880588211700335,7508413.6955956835
0.8122056619626845,1893225.0878898564,2.0984313545319924,4608551.151202354,7.407644434323474,4818072.04784425,6.608219953091138,8623797.4606011
0.491571276660408,1100644.1425979855,1.7267310354412073,3892888.320021511,8.024916003873916,5037696.525281427,7.224030979267271,8402121.304223515
0.4511138959544119,1029135.1058027088,2.2967872791521056,5069806.9067706065,5.8810950376337,4403714.762566512,5.9603076942283115,7509302.234198455
0.49009764869163625,1067112.157207713,1.670130609250597,4199797.8831471335,5.558513648334655,4825486.691333842,5.575780288625795,7622893.037173094
0.5756286748632863,1571510.3437125108,1.2666389469838808,3924701.927954509,5.050606887716187,5478735.3613972245,4.966537740894474,7353844.060436593
0.6487290782474365,1197927.9457997151,2.5724871159910823,4532512.1009154925,7.180124590142049,4164977.6861883667,7.353455776464246,6913074.224607802
0.6106213774480594,2103103.6189080533,1.3366982761704713,4745435.662250055,4.5341205359673005,5062905.234966958,4.967143764371551,9022359.817491628
0.6179075208870985,1846731.1691953202,1.6546017738784815,4001186.969501551,7.897525357439112,4863502.921291996,8.114542640825757,8687751.853324149
1.1402504171793557,3600404.188204703,1.9597071154432166,5726225.971567447,7.0302110829325395,5364844.236370035,5.77315989367481,7004791.669460222
0.6851525635561679,1986801.63721977,1.9951107596156876,5079917.684668329,7.267719814376861,4610035.849803193,8.376881970080897,7867517.296337581
0.7828983000288564,1552841.4092147385,1.960161944456826,4202855.900574379,7.714462999450365,4776702.431386389,5.539262022089011,6212808.725630899
0.5378775474557012,1048253.619261801,1.7220054765183486,3730349.813602196,8.220710654057896,4605060.992952797,7.587764437753622,8816613.999873592
0.4587275361714905,1056874.6542884696,2.8755192251159594,5569892.879086995,7.366239207940298,4975959.258380497,5.76130144132251,6698333.507558236
0.6846341950137547,2116888.948575301,1.8980902053336774,4984828.830717809,7.536430868754574,4823966.365767421,5.432083903140146,7394331.5282806195
1.1026570016284891,2371832.672518693,2.364785967808035,4861393.541572818,7.861184704518859,5376676.621148364,6.3228836400122646,6716899.649489752
0.9926549302120683,1725824.1138221438,1.9833105051351947,4500575.93953093,5.520597970453673,4890850.591037813,4.938566022052447,6588231.108576075
0.7932357296148476,1944125.6209830365,2.3888889107441584,5270684.578780746,7.631667688015892,4598823.426367053,6.173972399340803,7471294.922593708
0.8609908573217964,2661319.357969037,2.6788658487721886,5214495.896081407,9.734697357256255,4666875.292272523,8.053860891313478,7498653.674093876
0.4471161820406881,1518082.1484501448,1.9403557221236416,5025088.463780485,6.333886683552006,4724625.273437823,5.090638194676748,6848695.036949972
0.5856118926352814,1403603.1950457767,2.3515467131399173,4975886.66419441,8.565925210710569,5078224.073732971,7.386539265855294,8106773.468195779
1.1441613893713984,1631262.8835390038,2.8875336848452897,4985970.879996346,7.879308143284596,4753201.726746809,7.094691634436721,7522028.083849879
1.102875041189285,2737658.692816084,2.0529036758369923,5013497.145140607,6.592999284144124,4713088.693130632,6.27776247901186,7510481.78591537
0.584865733140226,1380047.7709999618,2.199777170766364,4906186.420332904,7.953465677609439,4819355.15778556,5.496715547481164,6586616.629686547
0.7467371661414247,1838641.7185825964,2.094801128291426,5653951.68990743,5.49569592522205,4665589.085738815,4.803007531142002,7502100.987748712
0.5738463208895077,1388935.3126693445,3.6202871640676952,5682538.441101544,9.025132142606777,4671604.9724069005,7.842984886684402,7670846.838069098
0.7244491754010386,1291235.3895602217,1.428175453056201,3520822.203279637,4.7116672809983395,4683014.883343923,4.522109524297058,7406909.996778041
0.6295621694619811,1327161.859433367,2.713756692651942,4985977.498691456,9.10016770921571,5354277.654367954,8.285714073377683,8393300.309257437
0.697013820438086,1912417.226559889,2.409246795749758,5339936.070303559,7.092855259162949,5262046.801181424,4.763860799748286,6785848.03211664
0.6264993461718933,1885559.7811788933,2.221593929805584,5040851.534039959,6.695857341378778,4383970.732694108,7.94350044383552,8228082.328109531
0.8136802281269355,1275083.3108263025,3.599709860071019,5580890.62342942,8.418965736561127,4989301.1289507365,7.5955658928780885,7412037.66457757
1.1620431405003282,2841331.747657439,2.5862104896572826,6223319.404785776,7.405012817213991,5309296.597329733,5.19555366482785,6939326.198531255
0.6837118367926613,1587943.9393101863,2.3302959603852282,4638919.932710527,8.437654129968005,5029652.124753506,5.952550413872241,7051548.225221745
1.094604307274449,2510548.1059103175,2.7206676736056505,5427172.698215539,8.00500773137671,4711845.377285585,7.116434308851246,7858446.349099304
0.5802584173882999,1687123.274231368,2.22518387350695,4743912.993528974,8.516536070851366,4754377.625859631,8.083757853951242,7877217.224285935
0.814926041736284,1779434.3143888162,2.257453473388849,5213434.496556615,5.855147835856163,4708887.72621642,4.09638608244785,5876397.732636583
0.7804977325461215,1414558.6710358337,1.846699151840516,3527693.448335094,8.35314886978815,4524084.954084659,8.164278747845518,7889249.98985967
0.5125955650497824,1459394.622116032,2.7421226809659824,5812924.921239879,6.64886702034226,5668417.863162686,6.306851838762529,8337678.743685539
0.6668235886488757,1813479.2926854172,2.1019443498987527,4856492.228647996,7.4428935310069955,5161307.296729502,6.369423271421607,7597248.053345614
0.8712480972762183,1621702.807940393,2.51358815560902,4495162.713013351,7.170874124760967,4593004.768277484,6.885342815471781,7351627.3838027455
0.5431395972815793,1220150.091323906,2.6101500094305563,5265213.05129897,4.957254616543765,4149584.872482862,6.03680429676639,7427602.58352691
0.9498539682490524,1902793.3364311708,4.197363708547331,6834466.922562315,6.873591257488238,4707433.965912623,8.10882327426712,8516040.89327945
0.5267671714257373,1158721.2133365616,2.560919906293201,5038141.251463122,8.484427824668824,4828195.0772577105,6.33592973709829,7534218.67780777
0.6919448283014095,919165.5784204378,1.975937434668988,3733571.343194973,7.558640453732896,4298348.933265539,5.752704459652802,6772341.926575746
1.0585807606971736,2109121.8297167546,2.088836390257271,4181203.3363046744,9.357263546072554,4711721.240663001,7.540780966552641,7605111.717648978
0.7111540924801307,1147013.959119241,2.243593316732664,3627013.2613517884,7.1567359707384846,4353294.519312588,8.307415532123505,6060190.3314100625
0.594818139151485,1327240.855638677,2.1877546164337414,4864388.503534639,6.982667557412262,4837141.65288882,6.000647736391166,8206956.189570838
0.7082415453487312,1794790.795980875,2.319397301224391,4685658.993666453,8.570542961249858,4865951.6993595,8.612326860890093,8399888.838295627
0.7693469269915708,1989042.8946102601,2.7360454356704724,5522372.109404078,7.492148047201109,5150129.084186973,6.918137624155746,8033878.1684153695
0.628877212578329,1801227.754098311,2.5441745012891444,4681298.551335783,9.858805373055676,4998371.502229625,6.805172779154291,7214197.227325659
0.665092846544405,1644447.5411544088,2.207188511286719,5043265.868205624,6.058767883722414,5029250.548787299,6.014296195481445,7948161.722216222
0.5518682654950653,1558488.953821579,1.7294971254359375,4332470.971390397,6.170221183873778,4509945.331296589,6.073159323753093,7577182.9390689265
0.8334837355597038,2095762.9602038364,2.568940566824423,5499965.570949241,7.352485263523063,5197810.828947388,6.075485033450629,8086141.271140243
0.905271275327494,2489894.0021012016,2.8118967799378947,5898409.3935576985,8.792889707436283,5067619.414763956,6.857275530136549,7813753.095568493
0.8352888313693101,1956597.4204711223,2.164781421569618,5478974.02380709,5.325678144684023,4545589.797982889,4.23484055797289,7518847.815488885
0.5123900423242126,970508.1632766945,2.6316682971772787,4610475.680835358,8.51136012657954,4438276.403446626,6.4251336264576056,6266742.004525029
0.6725006424629361,2177763.781433871,3.066340189438872,5627358.421380357,9.47090181746399,5172005.341394508,9.163365956575154,7823225.2003182955
0.5089668973316909,1482139.5952711813,2.30109124065343,5039263.758539791,8.708638688654633,4973718.644851811,8.037576967352743,7373322.94089406
0.4543777467598466,905968.248119983,2.9893156546051385,5062554.108672887,7.979835006253144,4438753.033806246,7.9491303181364055,7863968.326312084
0.7231171329644978,1754159.9232272694,2.4511298553756786,4948180.738819722,8.199865660021665,4976170.511704774,6.79629566709342,6991150.1317107305
0.4687786111463462,1206251.134022654,2.121388748563849,4249080.373730002,7.679220053469854,4704698.418251554,6.532756824742368,7181051.507407204
0.6161172435991961,1652319.7982701927,2.8508707085927196,6448752.046635197,6.899146417887788,4820315.51925944,5.505635858579633,7633849.196459863
0.6951650994965973,1843891.9238136965,2.293633996407456,4795628.649457209,7.547045692636871,4892631.656613676,6.270041269591547,7473417.45655559
0.4323664944031244,1101443.3111268277,1.4680495155588644,3583533.9015710573,8.317167114088877,4655784.623628277,7.791640545123569,8776581.624501793
0.603986384469048,1003885.3389914475,2.309666719265595,3469313.3654485415,10.159347431892199,4519111.140837516,9.618042217491793,7105017.377136407
0.8121347559810603,1659049.176848954,2.388688845935368,4415718.1523971325,8.628255712730555,4820886.542420209,7.592391001549879,7523678.047191714
0.6405312053641262,1803803.8809282258,2.106236872522411,4885058.69163477,6.682818671044828,5189608.931271995,6.711627019649239,7952051.187811388
0.8055247029128816,1818884.567477662,2.507823400149935,4991460.524325502,6.451571546562304,4390026.223191857,7.7763970067786925,8501237.496552203
0.7998237795475874,2558161.9043589965,2.209229144970534,5626516.185044908,7.405218302350442,4360546.426368999,6.606724445007925,8647141.981260087
0.837117007690043,1915169.0327987922,1.827907911341871,4374846.893342163,5.5313537664569905,4843292.935811795,6.435902276267474,7134268.3799821
1.2004948929739072,2486950.4026774913,2.8110789164118284,5884237.626093033,6.158758143427758,4103680.663247679,6.786770286015242,7791012.078994272
0.6303697423994867,1780288.3218596599,2.0102590490664967,4772848.557474051,7.800032999564381,4947746.612965027,6.664869314947794,7818107.747188396
0.6461870372097998,1268807.903492081,1.6767033030618892,4041385.184857976,6.059319904077544,4858317.382344553,5.310244014340784,7262358.7133244155
0.7668854868612828,3117646.9652849426,2.24500839444165,5529816.11623779,8.102574256764962,5210113.838625206,7.494968435889127,8710611.013187917
0.45155168181824085,1044728.5523171576,1.4710947069546643,3618301.5595912524,4.530817687917234,4887475.0260745995,5.3815824384361735,6828216.357020994
0.838604892364795,2345564.782022746,2.989797734725282,6029104.905538266,9.514989057683742,5068368.77574004,8.53137835514883,8751178.25079443
0.7052455531987157,1190100.5753052146,1.9809263465994325,3891291.338092623,5.200926975838071,3906776.8552569738,4.537778281824117,5910832.0447221985
0.39491131192378703,1455931.88031495,1.9898536223914927,5044549.718558272,8.462083641747746,4807313.80999083,6.670483529937965,7193421.603696507
0.5559230397978797,1205108.1674011298,1.600730979523503,3727828.499542553,5.685879578691447,4270239.935560246,6.197400861507244,7952478.682049447
0.6240679059291132,2048554.4566960393,2.7254805123227914,5787834.749302881,6.6468905846703725,5157915.772595693,6.703401530297034,7892490.092163686
0.7284058665155766,1622056.1267800396,2.1719790388335323,4354894.966790989,9.57824374684926,4497263.814423012,7.394692790171558,7452382.631331739
1.3004275426177914,2597464.9544303883,2.5754175307898226,5981228.4319574265,5.412133559285143,4692765.812666766,5.121437692981463,7903320.78178
0.9927983851579911,3141423.9992165663,2.664359552681003,5668786.464757216,7.732818766999259,4562744.012352695,6.296856513963424,6933160.371809895
0.6769192263579273,1052751.6134465463,1.7043990271533342,3486355.5388938175,6.241627185859851,4188470.9071296463,7.239329393656926,8026665.065919476
0.6867397031166433,1554269.3068265214,2.298297960168126,4550356.769016217,8.93612183676415,5098814.802071036,9.937816787946728,9350578.856870867
0.5682263165359016,1164678.2931009887,1.7852852507719124,4213663.48507433,6.668440366027574,4817414.841331549,5.7186125002714014,7435785.030637769
0.7683568954101389,2051018.5566219133,3.390004946276685,5734997.606163136,10.501837001406145,5298231.934366146,9.580300569026225,8879227.640677081
0.6518363674602136,1718001.1543427622,2.100718167086211,5028469.284431663,6.240649678598028,4959975.837110847,6.226069663062993,7956799.764640414
0.6366553070988892,1870547.1196172903,1.3547716141517316,4090509.838882476,6.988811337174739,5203953.599252169,6.80777933231786,8680429.637853809
0.4950979543521085,1006020.3911037327,1.3296739603056973,3180751.7085670577,6.902924707642772,4859224.549052225,5.41500113985467,6983915.16620988
0.6571832385716097,1058535.2303924288,1.6370807829979441,3328820.258288117,7.574247484968887,4987523.6985261245,6.118525445895827,7211353.9271838665
0.8188169471301852,1737662.0104891597,2.6368849751319114,5070699.468930797,8.666280930865863,5078339.123900732,7.1159231201137185,7859264.59615142
0.4976179912092305,686116.6554634072,2.1988443404205436,3754805.633389337,8.029215885577237,4144167.578806199,6.56927667748609,6645788.910122382
0.47599311546682366,959463.7897467876,2.017917315984179,4157282.898961045,8.790371444829571,4496124.161121934,6.836188035405405,7346138.747094713
0.6421245079652401,1656400.7501668092,1.5412202569995497,4568048.714809496,5.608585155829304,5166860.092712048,4.601830061161094,7949208.310951392
0.7304298971028264,1149434.9947986382,2.4324669039356746,4316791.999331001,5.967814914528162,4168114.9592244048,6.44985150883784,6110538.436910769
0.9431434645836355,2915533.2056025537,1.6951451145726797,5426464.826321451,5.114953272456007,5234214.903042208,4.564248361661251,8671282.141905146
0.4740431830583289,1119149.737882811,1.7362206564557046,4277132.549934268,6.052610233593834,4705857.810663748,5.312383997798519,7460383.066542668
0.6907522983411352,2070832.6049878101,2.0495856538308823,4597867.279582772,7.887877347154595,4895166.21062417,7.622768857762114,7942802.588061361
0.49303788306971896,1302662.7195773493,2.7381486243819135,5285486.898749309,7.899033128186842,4824061.322212557,7.103532867107244,7606161.434916041
0.8126327543252139,2449622.3446095013,2.1195499230328423,4664261.545411338,8.233312747799653,4801774.391630887,8.160062139910414,7853167.7718869895
0.48342763472957045,974352.4822231405,2.3110448909059915,4950472.663854099,5.505631432017783,4342616.239360761,4.4482063359385435,6061223.507381958
0.4822628306520047,1051655.2966158236,2.7824991732729996,5154914.639381978,7.693112175261563,4599256.591304793,7.066794036599115,6852206.176556683
0.6696796509194196,1867964.252394733,1.739221778994547,4762068.641022157,6.6493570121408,4668119.800172741,5.917235579124886,7652331.809134189
0.6027139366453562,2127548.162715708,1.65485979731967,4949957.297949601,6.810783642835903,5504720.277955721,4.069336913400023,6404647.290681977
0.612856131414167,1335965.7941781806,3.9739173011319053,6252635.25123726,8.927840998534831,5141658.4160471475,7.232882835743977,8111770.958927225
0.6621543518248295,1954989.1110832728,1.591466210152469,4247027.554901957,7.082409414082163,4908244.843242041,6.523839359232386,8474071.476101113
0.8511490512015101,1749898.6596526923,2.320864993694991,4834184.805884803,7.470826815822131,5054663.893065105,6.364972599866345,7310814.293366088
0.42107068041229734,840352.9879071965,1.805489109321727,4021384.247075295,6.8300553610558286,4881835.068151659,5.401678923291993,7039578.66484614
0.8453812615112287,1588049.9927304399,2.1439496528584088,4455043.373453119,7.029902509606327,5060053.778384138,5.791910831291961,7465932.74555778
0.7597001579191,1675839.530114778,2.4525436959797577,4847462.989180477,7.986323007313839,4581721.012710985,6.347359077723908,6492422.085057413
0.5777279940938054,1593062.8440191504,1.9991781789248928,4933312.860307872,6.503883603458279,4494993.725774864,7.020483542153429,8367226.501126811
0.6896349623672331,2318850.574438812,2.766861353959353,5397132.389142002,10.250803895000283,5137702.719708971,9.5051114416449,9003391.369341696
0.8013651133672097,1748585.3466936948,2.1005136896077685,4578518.232373396,7.388247615045965,4676310.352886515,6.569864345155722,7349938.898538152
1.0341199114181638,2701588.5296220225,2.067273048721596,4809716.689011458,6.110924802005737,5078945.085720672,5.906369533847676,6962461.770065201
0.9275276925042737,1968802.0403306447,2.488549278767588,4874629.285809511,7.6972414219780125,4907482.682129715,7.171723885874676,7699375.43108078
0.8647820216198514,2785435.7046626303,1.9149451748783872,5783367.429747444,4.203377105691112,4939220.309796592,5.242279462670981,7603485.845096563
0.870507297532783,1510443.704219799,1.8488641462233022,3695368.197843885,8.016590491440686,4502295.612383039,8.741037019216693,8146124.345736482
0.5355313781590776,1580305.478743107,1.5033907599031335,4654386.295191404,6.4827579797941794,4987448.645615228,5.27133999394942,7949688.206239713
0.7851701091033226,2201098.1147092446,2.557570129281636,5851958.015080259,6.000653627959739,5052197.032222244,6.7240420555240945,7939115.812380112
0.3374025733795338,922754.3462784424,1.8102819921828213,4323235.417569646,7.63499844661229,5105208.9093385,5.956971288951037,7652394.439779254
0.8450502467579769,2466110.820744654,2.6214875560412443,5159142.732476645,8.727095707756801,4840324.862907256,8.011647230354503,7661677.061134186
1.08028710558713,2364072.0655520656,2.0112232013123825,4522846.591180825,5.499106412114915,4841654.1798611395,6.336614408077961,7206512.255440753
0.8981996602270823,2377975.068883986,2.3013143784119645,5813779.010216921,6.6049254455297834,5205182.890387395,5.8470963814802035,7357317.645677948
0.5182849303471486,1174531.164251098,3.2390252187915043,5543911.389009638,8.678827569594858,4934435.430217211,7.805346348937827,7847526.378333388
0.3937407898215075,834734.08161182,1.5364550635952203,3761017.0772414673,6.42184693658021,4270220.51486796,4.814621984550807,6867627.664862286
0.9359507355827057,2016830.4321388165,1.9911102786583932,4516769.167721379,7.808772062574511,4832460.753054118,6.103186897734508,7335146.815689895
0.6542115093917258,1634774.7165425385,3.2794033704468197,5907714.540105477,5.107014389458581,5535571.714511458,8.257102831323127,8483900.566393543
0.7437765375568709,2197317.814484363,1.4112299226896032,3750469.1540210503,8.319947891505935,4905891.392585464,6.00008897446954,7647353.296338994
0.8921497504051015,1873755.2729009157,2.6847731720453822,5488785.738926815,6.731549748876237,4979308.814618966,6.7666552020093675,7921314.924310035
0.7235966272216079,2045583.9065712004,1.8593486036040698,4375046.214629731,7.950684846218416,5236087.708741315,7.750593837275356,8363275.857599518
0.6474227838111057,2086846.680925167,1.887084617662713,4371866.932128805,8.991383433430478,4822829.785162279,7.766172269066487,7491048.652845866
0.445511608916998,1221214.7229389683,1.7846226293488785,4460366.826363632,6.8392766457300915,4897605.588283843,5.627475711794749,7064866.081014622
0.6008374183909323,1243637.2632502657,1.8363503197069653,4349227.522779475,6.084743403126486,4621182.616634918,4.18682094702849,6405940.282724742
0.6536249845401404,1323548.1087891755,2.108785028158217,4381701.747344128,7.253454453706109,5084759.985470944,5.312584189355376,6665791.3894812
0.8458380595273485,2807892.270797741,1.702212767937848,4934809.664859596,7.697918874411316,4338093.316893429,6.2271673786280495,7598108.303384502
0.9059352441044174,2168143.0515809515,2.3011814683776177,5236255.153392896,5.932806586870776,5111253.234363258,6.834744033088685,8161065.563908556
0.910420686947377,2323685.8850809853,2.707927968091377,4742266.189973317,9.606747741172825,4765407.655211437,9.475525390287684,7589091.778025312
0.5224022284689617,1252479.4480001563,1.5465159737520906,3896850.5713424534,7.068907305991959,4980171.537473615,4.540475873079693,6172080.393758098
0.4335722234836097,1175183.9620551034,1.8343797515408795,4270509.72876944,7.750463568503621,5055455.474159827,7.36424740387658,8797066.765268927
0.856984851874553,1327458.6252098815,2.837161055127669,4499319.955546591,9.401041580324287,4220657.767395917,6.290479373667447,5854766.0474062
0.5776852558505589,1680152.2003952551,2.5194237927919785,5510932.746597487,6.211976097778244,4636862.2191753425,5.364194672583212,7149700.180120259
0.41968564137852005,1032941.2755211352,2.726529076611701,4766787.811481671,9.287964023844319,4957810.941218095,8.557951498175251,7601243.809502762
0.6042034406647551,1508204.3496358334,1.988418479001884,4593759.610931493,8.068016420295137,5436155.702574111,7.816324906737847,9015747.180183642
0.5628394211156404,1481210.6856032903,1.4511596723768831,3867225.8931134013,7.786111936350612,4910485.204622017,6.661529704852331,7788398.335787986
0.8329328404837886,2426702.7780325287,2.2621474997544997,5807135.649222076,6.668097924437286,5018477.456799496,5.945446759214068,7492682.544391655
1.0181923399547628,3065743.6297497507,2.556810132100116,5765126.244689019,7.192969247021853,5757646.596175982,6.524165415244578,7759506.458125823
0.5166244547691555,1496110.999193971,1.588269557619633,4098399.897217894,7.756560874264163,4680576.2389154965,7.005401286125701,7229750.23378298
0.7972283620793522,1883376.8094795628,1.649667639464512,4102110.261541346,6.722128796964237,5141856.179316402,6.64784068816616,7977037.163774295
0.5417092037668907,1389341.1817674646,1.5756377782515534,4027156.984499133,8.64469827578375,4750269.483990537,5.711980797394481,6755432.2904502135
0.8269052752285061,1352550.2825358668,1.617116024975984,3255662.77281561,8.199286956573664,4686566.872669367,5.950752298939993,6554884.933784378
0.6798749865453195,1273987.487152916,1.8870841899114918,4082512.8396096686,7.206127476707197,4688389.950379715,5.37856708873956,6225670.299425153
0.5156562648837538,985951.9827445631,1.7336508838954332,3846213.1419631178,5.503579883857221,4164670.780233152,5.684517027166961,7380600.595103255
0.5866768858990544,1332374.2665810066,1.9853644050682024,4590210.511561835,5.753654514435358,4953274.079617951,5.531156273112658,7303397.9341976065
0.679336793025486,1505762.0715024448,2.3795298020208815,5021468.022500586,7.86561342287879,4799081.593003284,6.676186675831193,7225096.286035727
0.5172570695660417,1491733.6562912022,1.968166664355491,4415131.902618015,8.708189205946208,5466441.185867279,7.403220190303352,8442809.700307868
0.5493611327610699,1426482.0770830323,1.4630757437573025,3976124.9856268414,4.636427040605184,4444458.441913073,5.611339747493696,8066626.53552512
0.6521585872018026,1236932.846120904,2.437326181865499,4597841.211699001,7.5556218674760105,5181858.619588545,5.178596280194784,6057036.801403571
0.6279374815532038,1763660.2931064994,2.8914933641015845,5371751.474712685,8.14852946145426,5393052.976150555,7.70819123138698,8548265.946618147
0.7811291335311478,2389025.1596551533,2.659561193781825,6027967.2955733305,7.895814519071154,5369511.9385242425,6.7010586380635715,9570018.408191223
0.6806846312890297,1357841.9032453888,3.4838642321648403,5565848.348716437,6.317082237058015,4589483.052958432,6.583732350741232,7141706.863488145
0.6778319905761715,1579361.5469689292,1.387375530637752,3994592.1096263677,5.997137271353361,4719491.868962273,4.652999944311892,7418031.114250198
0.7299667955101354,2503977.5948499823,1.927241631650601,4975371.934459504,6.611333451568871,4807457.272381731,6.665949653178539,7818515.801798269
0.723969205133063,1642221.156642124,2.1319407620353656,4605401.989311908,8.609554536119623,4708874.874908274,6.425568888343574,6746810.435533131
0.8686098259698902,1416837.5110348482,2.3278089077762165,4492495.86876679,7.790621118082624,4607158.877749618,5.336218736133457,6240560.315500792
0.5837733310946619,881629.3010774336,1.8517286587567687,3651349.159134878,7.6132909668805855,4483311.251475454,5.703285964267739,6542691.918997431
0.825627440725973,2409554.954452343,2.0375157672587396,4814718.4205670925,7.672251736160501,5394589.101691057,6.140466708591692,7282419.410025287
0.6586475458005977,1419360.222086944,2.7261587000206573,4441868.303880051,8.50457888336973,4615625.313507608,8.472096127742025,7190836.451600071
0.7657627860134082,1224739.29035618,1.82176150320631,3366378.8354821843,8.233193786884904,4515327.308099701,5.964850027654649,6059534.898291282
0.41944502565856023,1177435.1834897993,2.352444836098766,5107333.879463445,7.070707730958327,5506617.791520172,6.578384803567024,7623000.0249334
0.7969020111648799,2171074.2476193435,1.8498718567249683,4292161.780428052,7.414662781081844,4792993.740444262,6.267972318278385,7207103.394640493
0.6637615073278398,1425339.0535671983,1.800244656841967,4413336.777749503,6.192963735971852,4834006.37760171,5.156256769050615,7999113.878662556
0.8408074688203464,1787888.3651068686,2.5918173027282663,4715361.751023885,10.222538039066922,4859939.554315881,7.895892015466992,6976280.560617544
0.735813475915562,2366378.9604504616,2.0674295947293815,5747312.846907166,8.390140653099587,4975283.667167143,6.747231635703918,8433606.546353469
0.8741835804380282,2455371.6020620284,2.310771704884998,5418580.33798199,7.428109592658438,5052344.633577422,6.526645174026051,7374061.273632308
0.5720895068491326,1606000.0376225973,2.3569519086181976,5368264.618252766,5.920781679839193,4777923.5618360005,5.350976123387684,6911718.228732753
0.7961189951834483,1896722.4964462118,1.8557666102040247,5381283.290235763,5.489999429410771,4873690.148406583,4.495422409603313,8518113.877292555
0.649902599908191,1923624.7801515216,1.9960161515067105,5608109.233895488,6.010693330795075,5193904.121928774,5.1628855851073245,7759549.86474471
0.6698645486413163,2129726.687214884,2.78960515674979,6295979.935082911,5.4842803943176275,4696694.749041921,6.70989020770042,8120453.862201784
0.5073462308250577,1482908.8474440668,2.650420703424567,4935654.408906034,8.706418653676838,5041848.838167673,8.439937666745536,8154382.72519045
0.6160426124589772,1514085.6450818956,2.9708504592982394,5884696.787076681,6.657907263695915,5127541.20484519,6.241688944075854,8036457.045310017
0.43983472850924976,1475975.4099667857,1.486722081063811,4215422.897348594,7.794757049973161,5085796.071009112,6.2460638577876315,7776443.915400606
0.7670143896829181,2224083.698077204,1.4986454959406812,4158487.701831028,6.733309415277822,4921589.702011132,5.146600558718771,6988120.347761588
0.8714783745560735,1829952.1986389074,2.0762880023486754,4337001.6249383455,6.591567951321715,4244742.965186967,5.023043132462189,6290787.901778796
0.7227925773260968,1217254.5308935922,1.8383497160463318,3558403.3891709577,6.9825371897055195,4451579.292338351,6.995878447103765,7014273.466727983
0.6983024099789189,1567280.9727473962,2.3406712840214023,4666274.99574033,6.5077345779332205,4489751.078139636,6.828808092168026,7716870.932174196
0.6062583978181243,1512751.6689669334,1.6795736987117411,4228233.849679822,6.482044648803368,5107903.461672853,4.531481986712052,6868390.254731352
0.9331448046463535,1459794.0367238943,2.362493759988853,4801815.079671502,6.200763954261718,4823271.998202815,5.078027093069265,6996369.788091515
0.7656393181665178,1757584.9206547954,2.478140821140398,5112260.5074330075,7.7750239073592,5134636.0132623445,6.059683027868029,6735909.256377592
0.5560156240369438,1926972.5296127712,1.6717969658174008,4924874.858758311,6.914335055386855,5455221.065398169,5.410466849368674,7507831.549088308
0.577409164789529,1618882.3966964916,2.0816647120023593,4790488.136022606,7.536963334836894,4874125.563977699,7.130636944158141,8156124.542473023
0.6863685876621122,1795793.6648858185,1.7520684040767671,4356794.395675789,5.280103458883811,4903234.29390696,5.861967144285526,7414912.917199485
0.4010541810822297,705475.9813922313,2.1902091536348056,4141652.9917821866,7.055829399004423,4342920.264199149,6.675834252323035,7643419.11850648
0.5791015421946637,1674850.475191647,1.7159430231304738,4914767.12027419,6.95374863033358,5093471.387837864,6.052372566838311,8226556.153014781
0.535815772209909,1139942.4939536694,1.911572024980954,4290808.041299901,7.589068544711943,5118219.183081626,5.537115472103405,6282616.871266387
1.046303236294405,2446227.8721643738,2.0074434402099537,4781176.4271546,7.391385973621965,4874379.823977496,5.797451285347789,7487522.4586459845
0.7680931576547703,2151773.797117901,2.0036134001096753,5337753.456947472,5.918730529759138,5679763.310662524,5.343571659700412,8456619.717070691
0.4730549987590199,1129706.3113575596,1.8859231996911094,4281837.436496094,7.44467983646244,4667744.132007298,6.753358339012991,8238940.753639002
0.6826778810250567,1695705.9817662914,2.1739882705149896,5065176.095991374,5.032527742108271,4643582.819128899,5.8822640674117945,7936515.13230833
0.9890670443264911,2069703.618681128,1.7409030604275058,3959574.6452050805,6.40521387298441,4207729.865670199,7.054947805524446,7211151.925628206
0.9969885749893604,2351598.531819742,1.5216879004135382,4121827.4358885717,7.1984624631484575,4569633.738647506,5.968670564874211,7707220.773495104
0.7067921435806135,1582988.1789343928,2.2071969780450384,4677836.238762157,7.092809560903057,4868263.345141194,5.233234599525985,7017252.516603304
0.6462938807405473,1684120.2524198103,2.2559187419404605,5032822.955704535,4.6588385677682895,4522884.801512485,6.230815620133408,7828009.781808251
0.5727083605837432,1715266.513597738,1.9748023733037559,5059837.312033393,8.07481596689323,4933019.394714867,6.279759624296114,7419101.0520530455
0.8873347960636913,2615877.5555059216,2.652955380005564,6380252.314454486,8.831649783833779,5094343.197936698,7.89087193735952,8560690.622425128
0.5950182710368854,1546595.855109215,1.420501999843529,4095233.3942500055,6.108079809990804,4741208.192355833,5.2980290158404095,7530762.829733636
0.7504121586964257,1700139.6282195474,2.3772821846096086,4943726.602026182,7.266105189222945,4795060.220874842,6.322183690389144,7501652.625037994
0.6146800951386707,1189786.411001619,1.830068545400902,3658419.0853004954,7.274121584608283,4714977.609162617,7.406463034519671,7624171.956190833
0.6124519314376784,1804660.481623717,1.5748849923923909,4309177.274873436,7.8596166215583105,4988185.728573954,4.611291550393573,5844790.104001109
0.8252414615658081,1775723.424293449,1.590771171722509,4060259.7640587282,6.103909670724331,4641849.314841506,5.8551151671570025,7778262.379893513
0.5897267882643884,1802922.0872828672,2.303953428847871,5138199.432452733,8.072919308663277,4305186.267613406,6.561507621717438,6792536.93555737
0.4922816288661314,1384753.842991205,1.6184553519956728,3883618.4335426223,7.375446559107033,5220912.44295818,7.171495398696624,8293094.285038736
0.6460550849734992,1900040.1497164273,1.6005076347991878,4166519.153788733,8.565672189096642,4847205.4386055805,6.903243290234735,6849019.964964284
0.7413065865053267,1522553.5844328562,2.8057611944546674,4651620.236871527,10.373555932175101,4699230.0561388135,8.021950105312843,7554382.007911957
0.6264197326964676,1408853.2777033069,2.997526577544356,5631465.39820574,6.921138807726138,4874358.242619838,6.892114463983658,8179640.425654762
0.765542187534587,2398968.7247177684,2.7285941497884134,6171632.587064434,6.589161713523659,4896139.255243413,5.368024148104123,7651235.884305568
0.8730203381396753,1350634.4440246306,2.410784563355527,4399831.491135549,7.666050732397551,4553585.491900795,6.453011250131698,7354806.049527174
0.9080340109976807,1762188.8918107646,1.9038721579979447,4039552.114551257,5.7298434789120565,4635256.892002229,6.937441931656145,8424629.556832356
0.5153736224501659,1573406.3869807792,1.7905201246259819,4729053.128634197,4.50133707320282,4344036.117680301,5.179293048059902,7440868.834052813
0.4890408464166282,998469.0875687229,2.764447669739183,5026681.507126045,6.748310287796169,4413672.130653534,8.43763799681583,7854267.429491916
0.8275002388974544,2186303.172933927,2.1752627871623944,4672511.321725562,8.548038518320679,5798270.224272684,7.3970664928068715,7582016.42137195
0.767297053105593,2025279.5228478967,1.739680721285894,4412509.669889926,4.389524299489181,4123530.6853091842,7.022193966618705,8518172.807692897
0.6532829825753911,1552111.648996172,1.747346358723819,4241123.433317127,6.086461495018427,5058557.601130311,4.803183456461799,6112113.219465776
0.5141324696494057,1535666.295861712,2.385813879735639,5127870.634271608,8.732455306479396,5766978.626910853,6.6985394114658625,7421430.176588062
0.5952053249950213,1453113.253909505,2.291422519209523,4462185.3860839885,8.477631167902178,4781253.070109856,7.73019638230783,8049863.738856633
0.9871975495534385,2747529.0773849147,1.9212826121801905,4841836.938219879,8.259308310047306,4647256.720933367,7.062823039997579,8204529.600138283
0.7187231186973227,1329353.6582703087,2.2781855003119458,4051072.644967835,8.07922612786006,4210111.467075763,7.822299218373067,8067559.499358324
0.6696133904540154,1550067.3101136775,1.8540910779796367,4716615.633740699,6.776667659491928,4809728.544563424,6.596217311074353,8185486.283113092
0.8400349201924242,1949184.9758769104,2.8134748452359286,4848370.528992232,7.944980662669652,4936779.80643584,6.324703921155976,6943793.70571954
0.5313165052395867,1044160.3409452918,1.6954609446106832,3679209.416981368,8.3850242587752,4937017.727984905,8.228826318081705,8782416.870229494
0.5761780599303354,1103252.406689897,3.067762872761857,4577291.661972351,10.680506597475267,4737092.251910204,9.601454538988396,7829260.8809462
0.755670930927675,1786912.8908130329,1.991340385602332,4458315.545459059,8.746385950861137,4777479.903938176,6.820938777469127,7540431.442567476
0.6348824039241606,1313600.80023836,1.8186774223559645,4310628.757280502,5.810854777729726,5089164.20677038,5.0448502769161125,7318231.816532132
0.5357313331541255,2271158.2505378206,2.9910312693834404,7593023.60674979,6.284369838453298,5240312.596054746,4.898656698281985,7702811.316160914
0.4498832448143927,1046831.0439693882,2.369093494449446,4576219.937984938,7.615144930363406,4630760.000030548,7.6028853516258765,7529170.554712825
0.7200190828637102,2840578.5777774737,2.142035786064349,5929031.459593404,7.021018658311773,4680120.690904823,6.187887404812216,8478394.38662488
0.6480774234782187,1164879.1825776675,1.3000131557788195,2912683.168671625,6.0049483684827205,4421219.861156401,6.051991273061992,7022271.580831827
0.5825542038552455,1222744.8015342872,2.117441841686384,4040922.0912486184,8.650618453201083,4760014.140453445,7.896110897820313,7593006.420911459
0.6234629403192693,1359740.7608298499,1.5484460071582313,3942497.466893474,7.216791241357504,4735708.070531899,6.0942019983986135,8216137.9374619
0.9103924654082994,2031583.9349049826,2.0964696728585377,4408725.527732041,9.239636419410756,4895225.500979347,7.531516176539771,7366777.19666677
0.811790325370485,2245548.4534503156,2.1608662056844383,4978096.435993776,7.686080327899187,5785837.646496321,6.340251925249601,7830864.928926554
0.5953115223310107,1064602.3256495285,2.4155628179972086,4613091.698445597,7.7663202271650205,4376260.134128041,6.042432351779107,6546721.763572822
1.0955929018173203,3029519.767192185,2.877504408060377,6869712.829867597,7.746650687608916,4837661.751864883,6.2305878327878315,7705303.068724086
0.7019182994482102,1448654.501445287,2.339584166178608,4504415.291573727,7.178635993358605,4288261.604863508,5.503555144332922,6324374.404882778
0.9418916409658927,1740241.1734974566,1.4191768852711277,3610980.1488151257,6.753756518701573,4590115.54580741,5.030263052633969,6719976.127053682
0.6565715431045209,1500104.8373558416,2.504543915592543,5086812.487984273,5.78910290993753,4329535.415826984,6.680267630964738,7882552.210849886
0.9862769160844316,2066336.4027590086,1.9169907390936172,4181977.5008152328,7.740805184899845,4608062.001120638,7.823518157468622,7617820.773284834
0.662226014802675,1566747.3799636106,1.6286769978985725,4066478.0688126097,6.821427215852148,5368797.959468144,6.762803513402947,8077195.892659713
0.767572698596275,1427212.0776001157,2.4145886827167033,4273005.0573893655,9.322533684897778,5027302.798402041,7.381918564090839,7726272.97757091
1.0381082583146974,1721452.9255740028,2.402772867939908,4295487.113140235,8.835398004538275,4764071.851395826,6.478257777357437,7514011.013683973
0.5846869244208616,1197230.1036483853,1.5278369870802466,3463472.139628032,7.834172799878321,4452526.326284743,7.102627175054363,7709376.661421765
0.675330095116128,2052079.9827849811,2.3462003488104517,5482803.204474732,8.195325515524631,4582981.562720696,6.164918280585546,7950179.388726509
0.5793905071198662,1127398.0120994395,1.7345107553178294,4078699.4462913442,6.36277716701596,4678784.036120791,5.217537719180745,6565875.350762345
0.41294308167923743,1338035.68693138,1.3820016419760905,3601190.5665311734,8.012289634556291,5179890.640041947,7.429614219008523,7578732.064848115
0.6449069103871601,1452226.368388721,1.5904641809379323,4112429.710152338,6.902020474895687,4589491.087530956,5.145576401152066,6948635.946519656
0.720920573772094,1264861.7217143832,2.3337197587354614,4523291.818089701,6.38522237947698,4318088.350349542,5.487392481692414,7188832.687715355
0.7990569409368664,1758312.1490158958,1.8440720477611146,4447533.153128442,6.815497632620879,4846660.882549118,6.17788844259192,8836956.722758118
0.8014587548412864,1741073.7285536074,1.6213510046546238,3782791.04956847,7.913680594793078,5146184.263226823,6.097588354781562,6795337.780465852
0.6448870537731277,1238939.3647645554,1.4872446230755165,3501050.585146988,6.2719738196889185,4660473.280497874,5.512114529519859,7729186.744459278
0.49091892253794683,793188.6675989986,2.42234140026283,4303366.815772045,8.41697052117169,4851028.751199573,8.514787209820248,7701533.014861709
0.5768298230444875,1313228.3351163273,1.8760330482097993,4496400.703790788,7.664230936715323,4835738.653647685,5.1639830678564556,6338230.047725343
0.5169861378098288,1370598.7855836551,2.127581354413533,5179364.0545239635,6.709211951360265,5115558.646802623,5.5112565826008835,7440586.151055847
0.4875696721450986,1326012.7097656566,2.09559100445478,4463361.23040654,8.078492315500668,4769478.536930025,7.7088026094900215,8244480.641021162
1.2785746995928986,1986852.5591989527,2.2364510961625794,3785770.686255853,6.972258633478034,4319149.816049925,7.079369823101785,7155426.509470734
0.5627933574832183,1281266.197624918,2.421902597137242,5088329.567390802,7.565139445414114,5197059.42266392,6.968945784167429,7850966.840325445
0.9730932193777271,2439808.7804774484,1.9795154188935875,4524999.909703214,7.865154619994966,4699051.480423052,7.1795892037407505,8306781.757043062
0.5713020599164044,1324178.51882974,2.776142953525867,5187641.041609822,8.412538005321844,4801788.30331465,8.12826795290993,7849557.691520547
0.41750621781878344,1546896.2028279793,1.9339297147126817,5092094.803281477,8.525299896259297,4338032.473954212,5.690296593282845,6814588.431504846
0.5915236009968156,1474691.551399492,1.9438273339058598,4621639.135906128,5.976564996630781,4979260.77267592,5.004304220475873,6936652.283475984
0.7811858974534538,1705889.6761525744,2.049432474246635,4877212.995446751,5.410681596678408,4864070.404053921,4.357714797487147,7114152.107640397
0.9008521963439359,1981386.0450168261,2.0358947169868014,4785099.152732443,6.774382518812475,4818770.2944947705,5.369079695180763,7635393.957796264
0.5246687941545729,1305540.856971165,1.8669943662343194,3978368.1953961337,6.779562710442631,4326146.160279327,9.195195567829845,8183458.536838123
0.6897523974606353,2227227.475119061,2.885140723448991,5432782.338553126,10.582663663103675,5213344.366119431,9.904843863427233,8279142.565374176
0.4930677177641207,1548456.0959425715,2.2703017581926628,4692033.906334189,8.04383117113831,5319217.309500479,7.657379774582964,7813367.616547053
0.9302585889313372,2152565.1511676675,2.06045266854681,4551740.699796101,8.364017465282897,4649563.266616074,6.722903818886414,8045984.98640423
0.72045831075347,1505177.160227639,2.5939921645331427,5125965.02309111,7.831664862080392,4726382.59044559,6.975239634219928,7934939.0775634395
0.6693390631719435,1315951.6201702945,2.099645374212751,4057624.794777121,9.155968939850233,4453316.083148148,6.7074754585057415,6232598.838029037
1.0839920719632736,2077936.145138566,2.53694717512168,4575513.576732364,9.340072245799172,4462777.054656169,4.309711834188594,4443318.655680601
0.7832092962638094,2350977.21688309,2.4663548000537405,5823332.5951898545,7.210935307936527,4984848.0188806,6.8170109827222545,7722793.891409404
0.7703499338829918,1086790.3498037208,3.2491560305863754,5633254.623801457,7.240432693732501,4780848.120129826,5.865348626013016,7408720.429093181
0.7481863401156876,1598716.4162180084,2.426356141125629,4402413.939475847,10.016885840629357,4496399.467774379,8.4956294329591,8063156.271808388
1.0481265506081963,2248976.5186388404,1.974544761914024,4613992.527781346,4.365126025376983,5260048.723356338,6.223642237162116,8246366.229096179
0.8051890955210903,1631990.0910666054,1.7303204354581943,4044658.3853585008,6.694878912066966,4683772.883406002,5.860044769135425,7405903.082498848
0.772863864986927,1443626.6956407586,2.926721967435766,5517225.686448735,7.028190834023712,4669685.271931968,6.344465211392008,7722604.005389339
0.628049453031149,1575220.2617210366,3.131958569748046,5847384.700086303,8.197290722941261,4739175.558760464,7.577906001941926,7474245.644018458
0.917688416890057,1387797.1996360966,2.483756190195037,4723815.035731975,5.676861510509529,4335738.521082302,5.902490841479444,8333653.039527936
